strategy,regime_mode,add_policy,max_hold,ticker,symbol,market,name,setup_id,entry_time,starting_equity,slippage_ticks,planned_seed,reserved_risk,structural_stop,active_stop,raw_first_entry,first_entry,R,level,touches,shares,cash_out,cash_in,buy_notional,sell_notional,commissions,taxes,added20,added60,entry_i,bars_held,last_mark,mfe_R,mae_R,peak_price,trail_pct,trail_samples,trail_armed,exit_time,exit_raw_price,exit_reason,status,pnl,fill_count,fill_detail,event_detail
V034|STRUCTURAL|ASC|5M|1T,STRUCTURAL,DIRECT,26,002|000810.KS,000810,KOSPI,삼성화재,KRLEVEL_RR|000810|3T|412|418|419,2023-11-22 02:00:00+00:00,5000000,1,1000000.0,24146.41265948991,244451.32362879778,259986.23173431732,250000.0,250500.0,6048.676371202222,249500.0,3,0,751612.725,809755.275,751500.0,811500.0,234.45,1623.0,False,False,421,26,271000.0,3.5544966668016174,-0.16532542636286593,272000.0,0.044168265682656825,39,True,2023-11-28 03:00:00+00:00,271000.0,time,TIME,58142.55000000005,1,"[{""time"": ""2023-11-22 02:00:00+00:00"", ""raw_price"": 250000.0, ""price"": 250500.0, ""shares"": 3, ""fraction"": 1.0, ""reason"": ""starter"", ""slippage_ticks"": 1}]","[{""time"": ""2023-11-28 03:00:00+00:00"", ""raw_price"": 271000.0, ""price"": 270500.0, ""shares"": 3, ""reason"": ""time"", ""slippage_ticks"": 1, ""commission"": 121.725, ""stt"": 405.75, ""rural_tax"": 1217.25}]"
V034|STRUCTURAL|ASC|5M|1T,STRUCTURAL,DIRECT,26,034|055550.KS,055550,KOSPI,신한지주,KRLEVEL_RR|055550|2T|462|464|465,2023-12-04 01:00:00+00:00,5000000,1,1011628.5100000002,18213.58597116179,35990.14520227086,35990.14520227086,36600.0,36650.0,659.8547977291382,36500.0,2,0,989698.4325,987422.4675,989550.0,989550.0,296.86499999999995,1979.1000000000001,False,False,468,26,36700.0,0.5304197244674281,-0.6819682171724075,37000.0,0.02813139349852239,44,False,2023-12-08 02:00:00+00:00,36700.0,time,TIME,-2275.9649999999674,1,"[{""time"": ""2023-12-04 01:00:00+00:00"", ""raw_price"": 36600.0, ""price"": 36650.0, ""shares"": 27, ""fraction"": 1.0, ""reason"": ""starter"", ""slippage_ticks"": 1}]","[{""time"": ""2023-12-08 02:00:00+00:00"", ""raw_price"": 36700.0, ""price"": 36650.0, ""shares"": 27, ""reason"": ""time"", ""slippage_ticks"": 1, ""commission"": 148.43249999999998, ""stt"": 494.77500000000003, ""rural_tax"": 1484.325}]"
V034|STRUCTURAL|ASC|5M|1T,STRUCTURAL,DIRECT,26,012|010130.KS,010130,KOSPI,고려아연,KRLEVEL_RR|010130|2T|539|542|544,2023-12-21 01:00:00+00:00,5000000,1,1011173.3170000003,29840.24617175531,48475.94973460996,48475.94973460996,49900.0,49950.0,1474.0502653900403,49700.0,2,0,999149.85,990865.05,999000.0,993000.0,298.79999999999995,1986.0,False,False,546,26,49700.0,0.3052813126972492,-0.5427223336839985,50400.0,0.04422592683462248,50,False,2023-12-28 02:00:00+00:00,49700.0,time,TIME,-8284.79999999993,1,"[{""time"": ""2023-12-21 01:00:00+00:00"", ""raw_price"": 49900.0, ""price"": 49950.0, ""shares"": 20, ""fraction"": 1.0, ""reason"": ""starter"", ""slippage_ticks"": 1}]","[{""time"": ""2023-12-28 02:00:00+00:00"", ""raw_price"": 49700.0, ""price"": 49650.0, ""shares"": 20, ""reason"": ""time"", ""slippage_ticks"": 1, ""commission"": 148.95, ""stt"": 496.5, ""rural_tax"": 1489.5}]"
V034|STRUCTURAL|ASC|5M|1T,STRUCTURAL,DIRECT,26,021|018260.KS,018260,KOSPI,삼성에스디에스,KRLEVEL_RR|018260|2T|822|825|826,2024-03-05 04:00:00+00:00,5000000,1,1009516.3570000003,17303.65145212717,156372.94072360094,156372.94072360094,159000.0,159100.0,2727.059276399057,159000.0,2,0,954743.19,935372.4600000001,954600.0,937200.0,283.77,1686.96,False,False,830,3,157700.0,0.07333907323939427,-0.2200172197181828,159300.0,0.05430378476889631,50,False,2024-03-06 00:00:00+00:00,156372.94072360094,stop,LOSS,-19370.729999999865,1,"[{""time"": ""2024-03-05 04:00:00+00:00"", ""raw_price"": 159000.0, ""price"": 159100.0, ""shares"": 6, ""fraction"": 1.0, ""reason"": ""starter"", ""slippage_ticks"": 1}]","[{""time"": ""2024-03-06 00:00:00+00:00"", ""raw_price"": 156372.94072360094, ""price"": 156200.0, ""shares"": 6, ""reason"": ""stop"", ""slippage_ticks"": 1, ""commission"": 140.57999999999998, ""stt"": 281.15999999999997, ""rural_tax"": 1405.8}]"
V034|STRUCTURAL|ASC|5M|1T,STRUCTURAL,DIRECT,26,034|055550.KS,055550,KOSPI,신한지주,KRLEVEL_RR|055550|2T|836|841|842,2024-03-08 00:00:00+00:00,5000000,1,1005642.2110000004,40109.64269473731,44021.29084535444,48240.35316136857,45800.0,45850.0,1828.709154645563,45425.0,2,0,962994.4275,1037472.975,962850.0,1039500.0,300.35249999999996,1871.1,False,False,844,26,49550.0,2.0779684896018957,-0.46480874109516085,49650.0,0.028391678522284677,42,True,2024-03-14 01:00:00+00:00,49550.0,time,TIME,74478.54749999999,1,"[{""time"": ""2024-03-08 00:00:00+00:00"", ""raw_price"": 45800.0, ""price"": 45850.0, ""shares"": 21, ""fraction"": 1.0, ""reason"": ""starter"", ""slippage_ticks"": 1}]","[{""time"": ""2024-03-14 01:00:00+00:00"", ""raw_price"": 49550.0, ""price"": 49500.0, ""shares"": 21, ""reason"": ""time"", ""slippage_ticks"": 1, ""commission"": 155.92499999999998, ""stt"": 311.84999999999997, ""rural_tax"": 1559.25}]"
V034|STRUCTURAL|ASC|5M|1T,STRUCTURAL,DIRECT,26,037|068270.KS,068270,KOSPI,셀트리온,KRLEVEL_RR|068270|4T|895|899|900,2024-03-21 04:00:00+00:00,5000000,1,1020537.9205000002,27591.658205250293,157133.62349341734,161500.0,161346.609375,161500.0,4366.376506582659,160823.3125,4,0,969145.35,962918.64,969000.0,964800.0,290.07,1736.64,False,False,902,20,160910.53125,1.442951321422132,-0.05510504525600627,167800.46875,0.04831563872447357,52,True,2024-03-27 00:00:00+00:00,160910.53125,gap_stop,BE_OR_WIN,-6226.709999999963,1,"[{""time"": ""2024-03-21 04:00:00+00:00"", ""raw_price"": 161346.609375, ""price"": 161500.0, ""shares"": 6, ""fraction"": 1.0, ""reason"": ""starter"", ""slippage_ticks"": 1}]","[{""time"": ""2024-03-27 00:00:00+00:00"", ""raw_price"": 160910.53125, ""price"": 160800.0, ""shares"": 6, ""reason"": ""gap_stop"", ""slippage_ticks"": 1, ""commission"": 144.72, ""stt"": 289.44, ""rural_tax"": 1447.2}]"
V034|STRUCTURAL|ASC|5M|1T,STRUCTURAL,DIRECT,26,012|010130.KS,010130,KOSPI,고려아연,KRLEVEL_RR|010130|3T|1285|1286|1287,2024-06-27 02:00:00+00:00,5000000,1,1019292.5785000003,26054.05507495902,50475.94439383738,50475.94439383738,51700.0,51800.0,1324.0556061626194,51700.0,3,0,984347.63,953836.385,984200.0,955700.0,290.985,1720.26,False,False,1290,11,51000.0,0.302102115755758,-0.9063063472672741,52200.0,0.034927999584113106,46,False,2024-07-01 00:00:00+00:00,50475.94439383738,stop,LOSS,-30511.244999999995,1,"[{""time"": ""2024-06-27 02:00:00+00:00"", ""raw_price"": 51700.0, ""price"": 51800.0, ""shares"": 19, ""fraction"": 1.0, ""reason"": ""starter"", ""slippage_ticks"": 1}]","[{""time"": ""2024-07-01 00:00:00+00:00"", ""raw_price"": 50475.94439383738, ""price"": 50300.0, ""shares"": 19, ""reason"": ""stop"", ""slippage_ticks"": 1, ""commission"": 143.355, ""stt"": 286.71, ""rural_tax"": 1433.55}]"
V034|STRUCTURAL|ASC|5M|1T,STRUCTURAL,DIRECT,26,033|051910.KS,051910,KOSPI,LG화학,KRLEVEL_RR|051910|2T|1301|1304|1305,2024-07-02 02:00:00+00:00,5000000,1,884250.1638706087,50659.51647500001,335604.42802050867,335604.42802050867,355500.0,356000.0,20395.57197949133,354000.0,2,0,712106.8,721590.15,712000.0,723000.0,215.25,1301.4,False,False,1308,26,362000.0,0.6619083796019479,-0.1716058761930976,369500.0,0.06,48,False,2024-07-08 03:00:00+00:00,362000.0,time,TIME,9483.349999999977,1,"[{""time"": ""2024-07-02 02:00:00+00:00"", ""raw_price"": 355500.0, ""price"": 356000.0, ""shares"": 2, ""fraction"": 1.0, ""reason"": ""starter"", ""slippage_ticks"": 1}]","[{""time"": ""2024-07-08 03:00:00+00:00"", ""raw_price"": 362000.0, ""price"": 361500.0, ""shares"": 2, ""reason"": ""time"", ""slippage_ticks"": 1, ""commission"": 108.44999999999999, ""stt"": 216.89999999999998, ""rural_tax"": 1084.5}]"
V034|STRUCTURAL|ASC|5M|1T,STRUCTURAL,DIRECT,26,047|329180.KS,329180,KOSPI,HD현대중공업,KRLEVEL_RR|329180|2T|1336|1339|1340,2024-07-10 01:00:00+00:00,5000000,1,1015086.9995000004,43771.88847575909,146976.56568039162,153600.0,153500.0,153600.0,6623.434319608379,152500.0,2,0,921738.24,919204.0499999999,921600.0,921000.0,276.39,1657.8,False,False,1343,13,155300.0,1.0417556311493663,-0.030195815395633804,160500.0,0.05835365948389701,52,True,2024-07-12 01:00:00+00:00,153600.0,stop,BE_OR_WIN,-2534.1900000000605,1,"[{""time"": ""2024-07-10 01:00:00+00:00"", ""raw_price"": 153500.0, ""price"": 153600.0, ""shares"": 6, ""fraction"": 1.0, ""reason"": ""starter"", ""slippage_ticks"": 1}]","[{""time"": ""2024-07-12 01:00:00+00:00"", ""raw_price"": 153600.0, ""price"": 153500.0, ""shares"": 6, ""reason"": ""stop"", ""slippage_ticks"": 1, ""commission"": 138.14999999999998, ""stt"": 276.29999999999995, ""rural_tax"": 1381.5}]"
V034|STRUCTURAL|ASC|5M|1T,STRUCTURAL,DIRECT,26,038|086790.KS,086790,KOSPI,하나금융지주,KRLEVEL_RR|086790|2T|1517|1523|1525,2024-08-22 05:00:00+00:00,5000000,1,837312.3578384798,50729.00807500001,62095.296853836306,62095.296853836306,66000.0,66100.0,4004.7031461636943,65500.0,2,0,793318.98,762909.4199999999,793200.0,764400.0,233.64,1375.92,False,False,1527,26,63800.0,0.7990604754475847,-0.9988255943094809,69300.0,0.038392279839648255,47,False,2024-08-29 00:00:00+00:00,63800.0,time,TIME,-30409.560000000056,1,"[{""time"": ""2024-08-22 05:00:00+00:00"", ""raw_price"": 66000.0, ""price"": 66100.0, ""shares"": 12, ""fraction"": 1.0, ""reason"": ""starter"", ""slippage_ticks"": 1}]","[{""time"": ""2024-08-29 00:00:00+00:00"", ""raw_price"": 63800.0, ""price"": 63700.0, ""shares"": 12, ""reason"": ""time"", ""slippage_ticks"": 1, ""commission"": 114.66, ""stt"": 229.32, ""rural_tax"": 1146.6000000000001}]"
V034|STRUCTURAL|ASC|5M|1T,STRUCTURAL,DIRECT,26,043|267260.KS,267260,KOSPI,HD현대일렉트릭,KRLEVEL_RR|267260|5T|2046|2052|2054,2025-01-07 02:00:00+00:00,5000000,1,1008498.2495000002,43552.351980449705,379377.0078988141,396500.0,396000.0,396500.0,17122.992101185897,395000.0,5,0,793118.95,790693.2,793000.0,792000.0,237.74999999999997,1188.0,False,False,2056,17,406000.0,1.2264211696123828,-0.3212055444222907,417500.0,0.06,50,True,2025-01-10 00:00:00+00:00,396500.0,stop,BE_OR_WIN,-2425.75,1,"[{""time"": ""2025-01-07 02:00:00+00:00"", ""raw_price"": 396000.0, ""price"": 396500.0, ""shares"": 2, ""fraction"": 1.0, ""reason"": ""starter"", ""slippage_ticks"": 1}]","[{""time"": ""2025-01-10 00:00:00+00:00"", ""raw_price"": 396500.0, ""price"": 396000.0, ""shares"": 2, ""reason"": ""stop"", ""slippage_ticks"": 1, ""commission"": 118.79999999999998, ""stt"": 0.0, ""rural_tax"": 1188.0}]"
V034|STRUCTURAL|ASC|5M|1T,STRUCTURAL,DIRECT,26,039|096770.KS,096770,KOSPI,SK이노베이션,KRLEVEL_RR|096770|3T|2243|2247|2249,2025-02-26 05:00:00+00:00,5000000,1,1008013.0995000001,22005.02391030259,127651.17231936876,127651.17231936876,130400.0,130500.0,2848.827680631235,129800.0,3,0,913637.025,891027.375,913500.0,892500.0,270.9,1338.75,False,False,2251,13,128600.0,0.3510215822455161,-0.8775539556137902,131500.0,0.05131508492364368,52,False,2025-02-28 05:00:00+00:00,127651.17231936876,stop,LOSS,-22609.650000000023,1,"[{""time"": ""2025-02-26 05:00:00+00:00"", ""raw_price"": 130400.0, ""price"": 130500.0, ""shares"": 7, ""fraction"": 1.0, ""reason"": ""starter"", ""slippage_ticks"": 1}]","[{""time"": ""2025-02-28 05:00:00+00:00"", ""raw_price"": 127651.17231936876, ""price"": 127500.0, ""shares"": 7, ""reason"": ""stop"", ""slippage_ticks"": 1, ""commission"": 133.875, ""stt"": 0.0, ""rural_tax"": 1338.75}]"
V034|STRUCTURAL|ASC|5M|1T,STRUCTURAL,DIRECT,26,049|373220.KS,373220,KOSPI,LG에너지솔루션,KRLEVEL_RR|373220|2T|2336|2338|2339,2025-03-20 05:00:00+00:00,5000000,1,1003491.1695000001,32393.09354762022,324186.06693483936,324186.06693483936,334500.0,335000.0,10813.933065160643,332500.0,2,0,670100.5,645932.45,670000.0,647000.0,197.54999999999998,970.5,False,False,2341,2,334000.0,0.0924732929244504,-0.1387099393866756,336000.0,0.06,50,False,2025-03-21 00:00:00+00:00,324186.06693483936,stop,LOSS,-24168.050000000047,1,"[{""time"": ""2025-03-20 05:00:00+00:00"", ""raw_price"": 334500.0, ""price"": 335000.0, ""shares"": 2, ""fraction"": 1.0, ""reason"": ""starter"", ""slippage_ticks"": 1}]","[{""time"": ""2025-03-21 00:00:00+00:00"", ""raw_price"": 324186.06693483936, ""price"": 323500.0, ""shares"": 2, ""reason"": ""stop"", ""slippage_ticks"": 1, ""commission"": 97.05, ""stt"": 0.0, ""rural_tax"": 970.5}]"
V034|STRUCTURAL|ASC|5M|1T,STRUCTURAL,DIRECT,26,004|003550.KS,003550,KOSPI,LG,KRLEVEL_RR|003550|2T|2508|2511|2512,2025-04-30 05:00:00+00:00,5000000,1,998657.5595000001,27447.517082438437,64575.03495874362,66684.56375838927,66250.0,66400.0,1824.9650412563788,65900.0,2,0,996149.4,1027302.15,996000.0,1029000.0,303.75,1543.5,False,False,2515,26,68700.0,1.4246848247624821,-0.32877342109903435,69000.0,0.03355704697986577,51,True,2025-05-12 00:00:00+00:00,68700.0,time,TIME,31152.75,1,"[{""time"": ""2025-04-30 05:00:00+00:00"", ""raw_price"": 66250.0, ""price"": 66400.0, ""shares"": 15, ""fraction"": 1.0, ""reason"": ""starter"", ""slippage_ticks"": 1}]","[{""time"": ""2025-05-12 00:00:00+00:00"", ""raw_price"": 68700.0, ""price"": 68600.0, ""shares"": 15, ""reason"": ""time"", ""slippage_ticks"": 1, ""commission"": 154.35, ""stt"": 0.0, ""rural_tax"": 1543.5}]"
V034|STRUCTURAL|ASC|5M|1T,STRUCTURAL,DIRECT,26,037|068270.KS,068270,KOSPI,셀트리온,KRLEVEL_RR|068270|2T|2657|2663|2665,2025-06-12 01:00:00+00:00,5000000,1,1004888.1095000001,25332.925091380486,150312.6646716573,150312.6646716573,154095.25,154200.0,3887.335328342713,153523.8203125,2,0,925338.78,923074.41,925200.0,924600.0,277.47,1386.9,False,False,2667,26,154285.71875,0.8795388643401773,-0.663938895670299,157619.0625,0.043162746976940634,58,False,2025-06-18 02:00:00+00:00,154285.71875,time,TIME,-2264.3699999999953,1,"[{""time"": ""2025-06-12 01:00:00+00:00"", ""raw_price"": 154095.25, ""price"": 154200.0, ""shares"": 6, ""fraction"": 1.0, ""reason"": ""starter"", ""slippage_ticks"": 1}]","[{""time"": ""2025-06-18 02:00:00+00:00"", ""raw_price"": 154285.71875, ""price"": 154100.0, ""shares"": 6, ""reason"": ""time"", ""slippage_ticks"": 1, ""commission"": 138.69, ""stt"": 0.0, ""rural_tax"": 1386.9}]"
V034|STRUCTURAL|ASC|5M|1T,STRUCTURAL,DIRECT,26,011|009540.KS,009540,KOSPI,HD한국조선해양,KRLEVEL_RR|009540|2T|2704|2710|2711,2025-06-23 05:00:00+00:00,5000000,1,1004435.2355000001,32786.6701222768,364694.0053482439,379213.8783907345,376500.0,377000.0,12305.994651756075,374000.0,2,0,754113.1,755750.95,754000.0,757000.0,226.64999999999998,1135.5,False,False,2713,8,393500.0,1.7064853832845834,-0.20315302181959327,398000.0,0.04720131057604388,50,True,2025-06-25 00:00:00+00:00,379213.8783907345,stop,BE_OR_WIN,1637.8499999999767,1,"[{""time"": ""2025-06-23 05:00:00+00:00"", ""raw_price"": 376500.0, ""price"": 377000.0, ""shares"": 2, ""fraction"": 1.0, ""reason"": ""starter"", ""slippage_ticks"": 1}]","[{""time"": ""2025-06-25 00:00:00+00:00"", ""raw_price"": 379213.8783907345, ""price"": 378500.0, ""shares"": 2, ""reason"": ""stop"", ""slippage_ticks"": 1, ""commission"": 113.55, ""stt"": 0.0, ""rural_tax"": 1135.5}]"
V034|STRUCTURAL|ASC|5M|1T,STRUCTURAL,DIRECT,26,043|267260.KS,267260,KOSPI,HD현대일렉트릭,KRLEVEL_RR|267260|3T|2866|2872|2873,2025-07-30 05:00:00+00:00,5000000,1,1004762.8055000002,27489.80844966072,483402.3282662394,483402.3282662394,496500.0,497000.0,13597.671733760624,495000.0,3,0,994149.1,963407.75,994000.0,965000.0,293.85,1447.5,False,False,2875,9,486500.0,0.7354200186471453,-0.9192750233089317,507000.0,0.06,50,False,2025-08-01 01:00:00+00:00,483402.3282662394,stop,LOSS,-30741.349999999977,1,"[{""time"": ""2025-07-30 05:00:00+00:00"", ""raw_price"": 496500.0, ""price"": 497000.0, ""shares"": 2, ""fraction"": 1.0, ""reason"": ""starter"", ""slippage_ticks"": 1}]","[{""time"": ""2025-08-01 01:00:00+00:00"", ""raw_price"": 483402.3282662394, ""price"": 482500.0, ""shares"": 2, ""reason"": ""stop"", ""slippage_ticks"": 1, ""commission"": 144.75, ""stt"": 0.0, ""rural_tax"": 1447.5}]"
V034|STRUCTURAL|ASC|5M|1T,STRUCTURAL,DIRECT,26,002|000810.KS,000810,KOSPI,삼성화재,KRLEVEL_RR|000810|2T|2895|2897|2898,2025-08-06 02:00:00+00:00,5000000,1,899392.7655931828,49930.726775,410850.5216207738,410850.5216207738,434500.0,435000.0,24149.478379226173,432500.0,2,0,870130.5,876551.3,870000.0,878000.0,262.2,1317.0,False,False,2902,26,439500.0,0.47620076174781945,-0.1242262856733442,446500.0,0.03848503001045374,56,False,2025-08-12 03:00:00+00:00,439500.0,time,TIME,6420.800000000047,1,"[{""time"": ""2025-08-06 02:00:00+00:00"", ""raw_price"": 434500.0, ""price"": 435000.0, ""shares"": 2, ""fraction"": 1.0, ""reason"": ""starter"", ""slippage_ticks"": 1}]","[{""time"": ""2025-08-12 03:00:00+00:00"", ""raw_price"": 439500.0, ""price"": 439000.0, ""shares"": 2, ""reason"": ""time"", ""slippage_ticks"": 1, ""commission"": 131.7, ""stt"": 0.0, ""rural_tax"": 1317.0}]"
V034|STRUCTURAL|ASC|5M|1T,STRUCTURAL,DIRECT,26,038|086790.KS,086790,KOSPI,하나금융지주,KRLEVEL_RR|086790|2T|3201|3205|3206,2025-10-24 03:00:00+00:00,5000000,1,999898.6955,15101.41494759399,86867.92025594978,88200.0,88100.0,88200.0,1332.079744050221,88000.0,2,0,970345.53,967500.985,970200.0,969100.0,290.895,1453.65,False,False,3209,5,89100.0,1.6515527766459732,-0.4504234845398109,90400.0,0.03471444568868981,51,True,2025-10-27 01:00:00+00:00,88200.0,stop,BE_OR_WIN,-2844.545000000042,1,"[{""time"": ""2025-10-24 03:00:00+00:00"", ""raw_price"": 88100.0, ""price"": 88200.0, ""shares"": 11, ""fraction"": 1.0, ""reason"": ""starter"", ""slippage_ticks"": 1}]","[{""time"": ""2025-10-27 01:00:00+00:00"", ""raw_price"": 88200.0, ""price"": 88100.0, ""shares"": 11, ""reason"": ""stop"", ""slippage_ticks"": 1, ""commission"": 145.36499999999998, ""stt"": 0.0, ""rural_tax"": 1453.65}]"
V034|STRUCTURAL|ASC|5M|1T,STRUCTURAL,DIRECT,26,024|030200.KS,030200,KOSPI,KT,KRLEVEL_RR|030200|3T|3285|3288|3289,2025-11-13 02:00:00+00:00,5000000,1,999329.7865,24689.20374532944,48423.35892263469,48423.35892263469,49600.0,49650.0,1226.6410773653115,49500.0,3,0,993148.95,987368.15,993000.0,989000.0,297.29999999999995,1483.5,False,False,3291,26,49500.0,0.6929492381143026,-0.6114257983361494,50500.0,0.03780656702637197,34,False,2025-11-19 03:00:00+00:00,49500.0,time,TIME,-5780.79999999993,1,"[{""time"": ""2025-11-13 02:00:00+00:00"", ""raw_price"": 49600.0, ""price"": 49650.0, ""shares"": 20, ""fraction"": 1.0, ""reason"": ""starter"", ""slippage_ticks"": 1}]","[{""time"": ""2025-11-19 03:00:00+00:00"", ""raw_price"": 49500.0, ""price"": 49450.0, ""shares"": 20, ""reason"": ""time"", ""slippage_ticks"": 1, ""commission"": 148.35, ""stt"": 0.0, ""rural_tax"": 1483.5}]"
V034|STRUCTURAL|ASC|5M|1T,STRUCTURAL,DIRECT,26,007|005490.KS,005490,KOSPI,POSCO홀딩스,KRLEVEL_RR|005490|2T|3415|3418|3420,2025-12-15 01:00:00+00:00,5000000,1,998173.6265000001,33425.07520598281,309284.405255808,309284.405255808,319500.0,320000.0,10715.594744192029,318000.0,2,0,960144.0,923972.925,960000.0,925500.0,282.825,1388.25,False,False,3422,8,310500.0,0.0,-0.8865583504031921,320000.0,0.04414106379205013,53,False,2025-12-16 02:00:00+00:00,309284.405255808,stop,LOSS,-36171.07499999995,1,"[{""time"": ""2025-12-15 01:00:00+00:00"", ""raw_price"": 319500.0, ""price"": 320000.0, ""shares"": 3, ""fraction"": 1.0, ""reason"": ""starter"", ""slippage_ticks"": 1}]","[{""time"": ""2025-12-16 02:00:00+00:00"", ""raw_price"": 309284.405255808, ""price"": 308500.0, ""shares"": 3, ""reason"": ""stop"", ""slippage_ticks"": 1, ""commission"": 138.825, ""stt"": 0.0, ""rural_tax"": 1388.25}]"
V034|STRUCTURAL|ASC|5M|1T,STRUCTURAL,DIRECT,26,006|005380.KS,005380,KOSPI,현대차,KRLEVEL_RR|005380|2T|3618|3621|3623,2026-02-05 01:00:00+00:00,5000000,1,842277.6914337699,49546.970575,470587.50868097995,470587.50868097995,499500.0,500000.0,29412.491319020046,497750.0,2,0,500075.0,467991.65,500000.0,469000.0,145.35,938.0,False,False,3625,5,469500.0,0.06799832011192702,-0.560986140923398,502000.0,0.06,55,False,2026-02-06 00:00:00+00:00,469500.0,gap_stop,LOSS,-32083.349999999977,1,"[{""time"": ""2026-02-05 01:00:00+00:00"", ""raw_price"": 499500.0, ""price"": 500000.0, ""shares"": 1, ""fraction"": 1.0, ""reason"": ""starter"", ""slippage_ticks"": 1}]","[{""time"": ""2026-02-06 00:00:00+00:00"", ""raw_price"": 469500.0, ""price"": 469000.0, ""shares"": 1, ""reason"": ""gap_stop"", ""slippage_ticks"": 1, ""commission"": 70.35, ""stt"": 234.5, ""rural_tax"": 703.5}]"
V034|STRUCTURAL|ASC|5M|1T,STRUCTURAL,DIRECT,26,008|005930.KS,005930,KOSPI,삼성전자,KRLEVEL_RR|005930|2T|3636|3640|3642,2026-02-10 03:00:00+00:00,5000000,1,513651.83530799835,49226.137075000006,150905.03665505044,181860.8039945657,166800.0,166900.0,15994.96334494956,166550.0,2,0,500775.105,563685.465,500700.0,564900.0,159.83999999999997,1129.8,False,False,3645,26,188400.0,1.5004723350977884,-0.3063464350824652,190900.0,0.04735042433438607,54,True,2026-02-19 04:00:00+00:00,188400.0,time,TIME,62910.359999999986,1,"[{""time"": ""2026-02-10 03:00:00+00:00"", ""raw_price"": 166800.0, ""price"": 166900.0, ""shares"": 3, ""fraction"": 1.0, ""reason"": ""starter"", ""slippage_ticks"": 1}]","[{""time"": ""2026-02-19 04:00:00+00:00"", ""raw_price"": 188400.0, ""price"": 188300.0, ""shares"": 3, ""reason"": ""time"", ""slippage_ticks"": 1, ""commission"": 84.735, ""stt"": 282.45, ""rural_tax"": 847.35}]"
V034|STRUCTURAL|ASC|5M|1T,STRUCTURAL,DIRECT,26,016|012330.KS,012330,KOSPI,현대모비스,KRLEVEL_RR|012330|5T|3678|3682|3684,2026-02-24 02:00:00+00:00,5000000,1,997104.8135000002,41562.522037082745,431721.7171914136,492560.0,450000.0,450500.0,18778.282808586373,446500.0,5,0,901135.15,981884.4,901000.0,984000.0,282.75,1968.0,False,False,3686,18,501000.0,3.9140959133064133,-0.07987950843482476,524000.0,0.06,57,True,2026-02-27 01:00:00+00:00,492560.0,stop,BE_OR_WIN,80749.25,1,"[{""time"": ""2026-02-24 02:00:00+00:00"", ""raw_price"": 450000.0, ""price"": 450500.0, ""shares"": 2, ""fraction"": 1.0, ""reason"": ""starter"", ""slippage_ticks"": 1}]","[{""time"": ""2026-02-27 01:00:00+00:00"", ""raw_price"": 492560.0, ""price"": 492000.0, ""shares"": 2, ""reason"": ""stop"", ""slippage_ticks"": 1, ""commission"": 147.6, ""stt"": 492.0, ""rural_tax"": 1476.0}]"
V034|STRUCTURAL|ASC|5M|1T,STRUCTURAL,DIRECT,26,018|0126Z0.KS,0126Z0,KOSPI,삼성에피스홀딩스,KRLEVEL_RR|0126Z0|4T|540|542|544,2026-04-13 02:00:00+00:00,5000000,1,816179.9736275119,50662.73317500001,513984.0002487361,592200.0,547000.0,548000.0,34015.99975126388,543500.0,4,0,548082.2,589729.35,548000.0,591000.0,170.84999999999997,1182.0,False,False,547,23,606000.0,2.410630309254787,-0.38217309780868575,630000.0,0.06,55,True,2026-04-17 00:00:00+00:00,592200.0,stop,BE_OR_WIN,41647.15000000002,1,"[{""time"": ""2026-04-13 02:00:00+00:00"", ""raw_price"": 547000.0, ""price"": 548000.0, ""shares"": 1, ""fraction"": 1.0, ""reason"": ""starter"", ""slippage_ticks"": 1}]","[{""time"": ""2026-04-17 00:00:00+00:00"", ""raw_price"": 592200.0, ""price"": 591000.0, ""shares"": 1, ""reason"": ""stop"", ""slippage_ticks"": 1, ""commission"": 88.64999999999999, ""stt"": 295.5, ""rural_tax"": 886.5}]"
V034|STRUCTURAL|ASC|5M|1T,STRUCTURAL,DIRECT,26,009|006400.KS,006400,KOSPI,삼성SDI,KRLEVEL_RR|006400|4T|3894|3896|3897,2026-04-15 05:00:00+00:00,5000000,1,1025438.2235000002,21290.551242299072,464158.62578790466,644840.0,473500.0,474000.0,9841.37421209534,471500.0,4,0,948142.2,1283235.1,948000.0,1286000.0,335.09999999999997,2572.0,False,False,3899,26,657000.0,21.541707024964637,-0.7112827791261909,686000.0,0.06,62,True,2026-04-23 00:00:00+00:00,644840.0,stop,BE_OR_WIN,335092.90000000014,1,"[{""time"": ""2026-04-15 05:00:00+00:00"", ""raw_price"": 473500.0, ""price"": 474000.0, ""shares"": 2, ""fraction"": 1.0, ""reason"": ""starter"", ""slippage_ticks"": 1}]","[{""time"": ""2026-04-23 00:00:00+00:00"", ""raw_price"": 644840.0, ""price"": 643000.0, ""shares"": 2, ""reason"": ""stop"", ""slippage_ticks"": 1, ""commission"": 192.89999999999998, ""stt"": 643.0, ""rural_tax"": 1929.0}]"
V034|STRUCTURAL|ASC|5M|1T,STRUCTURAL,DIRECT,26,008|005930.KS,005930,KOSPI,삼성전자,KRLEVEL_RR|005930|2T|3912|3914|3916,2026-04-22 00:00:00+00:00,5000000,1,1106355.6535,48418.97952977454,209415.59874216287,219000.0,218500.0,219000.0,9584.401257837133,217750.0,2,0,1095164.25,1090151.125,1095000.0,1092500.0,328.12499999999994,2185.0,False,False,3918,10,221250.0,1.0955300928593932,-0.36517669761979776,229500.0,0.04733435929003796,60,True,2026-04-23 03:00:00+00:00,219000.0,stop,BE_OR_WIN,-5013.125,1,"[{""time"": ""2026-04-22 00:00:00+00:00"", ""raw_price"": 218500.0, ""price"": 219000.0, ""shares"": 5, ""fraction"": 1.0, ""reason"": ""starter"", ""slippage_ticks"": 1}]","[{""time"": ""2026-04-23 03:00:00+00:00"", ""raw_price"": 219000.0, ""price"": 218500.0, ""shares"": 5, ""reason"": ""stop"", ""slippage_ticks"": 1, ""commission"": 163.87499999999997, ""stt"": 546.25, ""rural_tax"": 1638.75}]"
V034|STRUCTURAL|ASC|5M|1T,STRUCTURAL,DIRECT,26,033|051910.KS,051910,KOSPI,LG화학,KRLEVEL_RR|051910|2T|3978|3980|3982,2026-05-11 02:00:00+00:00,5000000,1,1087600.0485000003,47179.00258892391,411825.34046633804,411825.34046633804,430000.0,430500.0,18674.659533661965,428000.0,2,0,861129.15,820232.7,861000.0,822000.0,252.44999999999996,1644.0,False,False,3985,5,419000.0,0.0,-0.4551622472515948,430500.0,0.06,56,False,2026-05-12 00:00:00+00:00,411825.34046633804,stop,LOSS,-40896.45000000007,1,"[{""time"": ""2026-05-11 02:00:00+00:00"", ""raw_price"": 430000.0, ""price"": 430500.0, ""shares"": 2, ""fraction"": 1.0, ""reason"": ""starter"", ""slippage_ticks"": 1}]","[{""time"": ""2026-05-12 00:00:00+00:00"", ""raw_price"": 411825.34046633804, ""price"": 411000.0, ""shares"": 2, ""reason"": ""stop"", ""slippage_ticks"": 1, ""commission"": 123.29999999999998, ""stt"": 411.0, ""rural_tax"": 1233.0}]"
