ticker,setup_id,entry_mode,legacy_entry_i,chosen_entry_i,decision,legacy_entry_time,chosen_entry_time
005930.KS,KRLEVEL_RR|005930|2T|712|715|717,NEXT_OPEN,718,718.0,NEXT_OPEN,2024-02-05 09:00:00+09:00,2024-02-05 09:00:00+09:00
005930.KS,KRLEVEL_RR|005930|3T|2386|2391|2393,NEXT_OPEN,2394,2394.0,NEXT_OPEN,2025-04-02 13:00:00+09:00,2025-04-02 13:00:00+09:00
005930.KS,KRLEVEL_RR|005930|2T|3636|3640|3642,NEXT_OPEN,3643,3643.0,NEXT_OPEN,2026-02-10 10:00:00+09:00,2026-02-10 10:00:00+09:00
005930.KS,KRLEVEL_RR|005930|2T|3912|3914|3916,NEXT_OPEN,3917,3917.0,NEXT_OPEN,2026-04-21 14:00:00+09:00,2026-04-21 14:00:00+09:00
373220.KS,KRLEVEL_RR|373220|3T|1522|1525|1526,NEXT_OPEN,1527,1527.0,NEXT_OPEN,2024-08-22 14:00:00+09:00,2024-08-22 14:00:00+09:00
373220.KS,KRLEVEL_RR|373220|4T|1865|1866|1868,NEXT_OPEN,1869,1869.0,NEXT_OPEN,2024-11-20 09:00:00+09:00,2024-11-20 09:00:00+09:00
373220.KS,KRLEVEL_RR|373220|2T|2336|2338|2339,NEXT_OPEN,2340,2340.0,NEXT_OPEN,2025-03-20 13:00:00+09:00,2025-03-20 13:00:00+09:00
373220.KS,KRLEVEL_RR|373220|2T|3416|3419|3420,NEXT_OPEN,3421,3421.0,NEXT_OPEN,2025-12-15 09:00:00+09:00,2025-12-15 09:00:00+09:00
373220.KS,KRLEVEL_RR|373220|3T|3720|3723|3725,NEXT_OPEN,3726,3726.0,NEXT_OPEN,2026-03-06 09:00:00+09:00,2026-03-06 09:00:00+09:00
373220.KS,KRLEVEL_RR|373220|2T|3750|3753|3755,NEXT_OPEN,3756,3756.0,NEXT_OPEN,2026-03-13 09:00:00+09:00,2026-03-13 09:00:00+09:00
373220.KS,KRLEVEL_RR|373220|3T|3902|3904|3905,NEXT_OPEN,3906,3906.0,NEXT_OPEN,2026-04-17 09:00:00+09:00,2026-04-17 09:00:00+09:00
000660.KS,KRLEVEL_RR|000660|3T|2019|2021|2022,NEXT_OPEN,2023,2023.0,NEXT_OPEN,2024-12-26 13:00:00+09:00,2024-12-26 13:00:00+09:00
000660.KS,KRLEVEL_RR|000660|2T|2121|2127|2128,NEXT_OPEN,2129,2129.0,NEXT_OPEN,2025-01-23 12:00:00+09:00,2025-01-23 12:00:00+09:00
000660.KS,KRLEVEL_RR|000660|2T|3578|3579|3581,NEXT_OPEN,3582,3582.0,NEXT_OPEN,2026-01-26 09:00:00+09:00,2026-01-26 09:00:00+09:00
000660.KS,KRLEVEL_RR|000660|3T|3720|3723|3725,NEXT_OPEN,3726,3726.0,NEXT_OPEN,2026-03-06 09:00:00+09:00,2026-03-06 09:00:00+09:00
207940.KS,KRLEVEL_RR|207940|3T|1456|1459|1461,NEXT_OPEN,1462,1462.0,NEXT_OPEN,2024-08-07 09:00:00+09:00,2024-08-07 09:00:00+09:00
207940.KS,KRLEVEL_RR|207940|2T|2303|2304|2305,NEXT_OPEN,2306,2306.0,NEXT_OPEN,2025-03-13 09:00:00+09:00,2025-03-13 09:00:00+09:00
207940.KS,KRLEVEL_RR|207940|3T|2327|2333|2334,NEXT_OPEN,2335,2335.0,NEXT_OPEN,2025-03-19 14:00:00+09:00,2025-03-19 14:00:00+09:00
207940.KS,KRLEVEL_RR|207940|2T|2572|2578|2580,NEXT_OPEN,2581,2581.0,NEXT_OPEN,2025-05-20 14:00:00+09:00,2025-05-20 14:00:00+09:00
207940.KS,KRLEVEL_RR|207940|3T|2864|2868|2869,NEXT_OPEN,2870,2870.0,NEXT_OPEN,2025-07-30 09:00:00+09:00,2025-07-30 09:00:00+09:00
207940.KS,KRLEVEL_RR|207940|3T|3278|3280|3281,NEXT_OPEN,3282,3282.0,NEXT_OPEN,2025-12-04 13:00:00+09:00,2025-12-04 13:00:00+09:00
207940.KS,KRLEVEL_RR|207940|3T|3535|3540|3542,NEXT_OPEN,3543,3543.0,NEXT_OPEN,2026-02-10 11:00:00+09:00,2026-02-10 11:00:00+09:00
005490.KS,KRLEVEL_RR|005490|2T|3260|3263|3264,NEXT_OPEN,3265,3265.0,NEXT_OPEN,2025-11-06 14:00:00+09:00,2025-11-06 14:00:00+09:00
005490.KS,KRLEVEL_RR|005490|2T|3415|3418|3420,NEXT_OPEN,3421,3421.0,NEXT_OPEN,2025-12-15 09:00:00+09:00,2025-12-15 09:00:00+09:00
005490.KS,KRLEVEL_RR|005490|2T|3561|3562|3563,NEXT_OPEN,3564,3564.0,NEXT_OPEN,2026-01-21 09:00:00+09:00,2026-01-21 09:00:00+09:00
005490.KS,KRLEVEL_RR|005490|2T|3655|3658|3659,NEXT_OPEN,3660,3660.0,NEXT_OPEN,2026-02-13 09:00:00+09:00,2026-02-13 09:00:00+09:00
051910.KS,KRLEVEL_RR|051910|3T|491|494|496,NEXT_OPEN,497,497.0,NEXT_OPEN,2023-12-11 09:00:00+09:00,2023-12-11 09:00:00+09:00
051910.KS,KRLEVEL_RR|051910|2T|1301|1304|1305,NEXT_OPEN,1306,1306.0,NEXT_OPEN,2024-07-02 09:00:00+09:00,2024-07-02 09:00:00+09:00
051910.KS,KRLEVEL_RR|051910|2T|3978|3980|3982,NEXT_OPEN,3983,3983.0,NEXT_OPEN,2026-05-11 09:00:00+09:00,2026-05-11 09:00:00+09:00
006400.KS,KRLEVEL_RR|006400|3T|1540|1543|1544,NEXT_OPEN,1545,1545.0,NEXT_OPEN,2024-08-27 14:00:00+09:00,2024-08-27 14:00:00+09:00
006400.KS,KRLEVEL_RR|006400|5T|2616|2622|2623,NEXT_OPEN,2624,2624.0,NEXT_OPEN,2025-05-30 09:00:00+09:00,2025-05-30 09:00:00+09:00
006400.KS,KRLEVEL_RR|006400|2T|2936|2939|2941,NEXT_OPEN,2942,2942.0,NEXT_OPEN,2025-08-18 09:00:00+09:00,2025-08-18 09:00:00+09:00
006400.KS,KRLEVEL_RR|006400|2T|3619|3622|3623,NEXT_OPEN,3624,3624.0,NEXT_OPEN,2026-02-05 09:00:00+09:00,2026-02-05 09:00:00+09:00
006400.KS,KRLEVEL_RR|006400|5T|3720|3724|3726,NEXT_OPEN,3727,3727.0,NEXT_OPEN,2026-03-06 10:00:00+09:00,2026-03-06 10:00:00+09:00
006400.KS,KRLEVEL_RR|006400|4T|3894|3896|3897,NEXT_OPEN,3898,3898.0,NEXT_OPEN,2026-04-15 13:00:00+09:00,2026-04-15 13:00:00+09:00
005380.KS,KRLEVEL_RR|005380|3T|1894|1896|1898,NEXT_OPEN,1899,1899.0,NEXT_OPEN,2024-11-27 09:00:00+09:00,2024-11-27 09:00:00+09:00
005380.KS,KRLEVEL_RR|005380|3T|2858|2860|2862,NEXT_OPEN,2863,2863.0,NEXT_OPEN,2025-07-28 14:00:00+09:00,2025-07-28 14:00:00+09:00
005380.KS,KRLEVEL_RR|005380|2T|3618|3621|3623,NEXT_OPEN,3624,3624.0,NEXT_OPEN,2026-02-05 09:00:00+09:00,2026-02-05 09:00:00+09:00
035420.KS,KRLEVEL_RR|035420|2T|1412|1416|1418,NEXT_OPEN,1419,1419.0,NEXT_OPEN,2024-07-26 14:00:00+09:00,2024-07-26 14:00:00+09:00
035420.KS,KRLEVEL_RR|035420|3T|1638|1643|1644,NEXT_OPEN,1645,1645.0,NEXT_OPEN,2024-09-24 12:00:00+09:00,2024-09-24 12:00:00+09:00
035420.KS,KRLEVEL_RR|035420|5T|1798|1801|1803,NEXT_OPEN,1804,1804.0,NEXT_OPEN,2024-11-05 09:00:00+09:00,2024-11-05 09:00:00+09:00
035420.KS,KRLEVEL_RR|035420|2T|3585|3586|3587,NEXT_OPEN,3588,3588.0,NEXT_OPEN,2026-01-27 09:00:00+09:00,2026-01-27 09:00:00+09:00
035420.KS,KRLEVEL_RR|035420|5T|4322|4323|4325,NEXT_OPEN,4326,4326.0,NEXT_OPEN,2026-08-03 09:00:00+09:00,2026-08-03 09:00:00+09:00
003670.KS,KRLEVEL_RR|003670|2T|2936|2940|2941,NEXT_OPEN,2942,2942.0,NEXT_OPEN,2025-08-18 09:00:00+09:00,2025-08-18 09:00:00+09:00
000270.KS,KRLEVEL_RR|000270|2T|3950|3956|3958,NEXT_OPEN,3959,3959.0,NEXT_OPEN,2026-04-30 09:00:00+09:00,2026-04-30 09:00:00+09:00
000270.KS,KRLEVEL_RR|000270|3T|4260|4262|4264,NEXT_OPEN,4265,4265.0,NEXT_OPEN,2026-07-16 09:00:00+09:00,2026-07-16 09:00:00+09:00
035720.KS,KRLEVEL_RR|035720|3T|1036|1039|1040,NEXT_OPEN,1041,1041.0,NEXT_OPEN,2024-04-24 14:00:00+09:00,2024-04-24 14:00:00+09:00
035720.KS,KRLEVEL_RR|035720|2T|1882|1888|1890,NEXT_OPEN,1891,1891.0,NEXT_OPEN,2024-11-25 13:00:00+09:00,2024-11-25 13:00:00+09:00
035720.KS,KRLEVEL_RR|035720|3T|2289|2291|2292,NEXT_OPEN,2293,2293.0,NEXT_OPEN,2025-03-10 14:00:00+09:00,2025-03-10 14:00:00+09:00
068270.KS,KRLEVEL_RR|068270|3T|658|660|661,NEXT_OPEN,662,662.0,NEXT_OPEN,2024-01-22 13:00:00+09:00,2024-01-22 13:00:00+09:00
068270.KS,KRLEVEL_RR|068270|4T|895|899|900,NEXT_OPEN,901,901.0,NEXT_OPEN,2024-03-21 12:00:00+09:00,2024-03-21 12:00:00+09:00
068270.KS,KRLEVEL_RR|068270|2T|2657|2663|2665,NEXT_OPEN,2666,2666.0,NEXT_OPEN,2025-06-12 09:00:00+09:00,2025-06-12 09:00:00+09:00
068270.KS,KRLEVEL_RR|068270|2T|2680|2682|2683,NEXT_OPEN,2684,2684.0,NEXT_OPEN,2025-06-17 09:00:00+09:00,2025-06-17 09:00:00+09:00
068270.KS,KRLEVEL_RR|068270|3T|3521|3524|3525,NEXT_OPEN,3526,3526.0,NEXT_OPEN,2026-01-12 13:00:00+09:00,2026-01-12 13:00:00+09:00
068270.KS,KRLEVEL_RR|068270|7T|4185|4186|4187,NEXT_OPEN,4188,4188.0,NEXT_OPEN,2026-06-30 09:00:00+09:00,2026-06-30 09:00:00+09:00
068270.KS,KRLEVEL_RR|068270|4T|4201|4204|4206,NEXT_OPEN,4207,4207.0,NEXT_OPEN,2026-07-03 10:00:00+09:00,2026-07-03 10:00:00+09:00
012330.KS,KRLEVEL_RR|012330|2T|3557|3562|3564,NEXT_OPEN,3565,3565.0,NEXT_OPEN,2026-01-21 10:00:00+09:00,2026-01-21 10:00:00+09:00
012330.KS,KRLEVEL_RR|012330|5T|3678|3682|3684,NEXT_OPEN,3685,3685.0,NEXT_OPEN,2026-02-24 10:00:00+09:00,2026-02-24 10:00:00+09:00
012330.KS,KRLEVEL_RR|012330|2T|3727|3730|3731,NEXT_OPEN,3732,3732.0,NEXT_OPEN,2026-03-09 09:00:00+09:00,2026-03-09 09:00:00+09:00
012330.KS,KRLEVEL_RR|012330|2T|4116|4120|4122,NEXT_OPEN,4123,4123.0,NEXT_OPEN,2026-06-15 10:00:00+09:00,2026-06-15 10:00:00+09:00
012330.KS,KRLEVEL_RR|012330|3T|4320|4324|4325,NEXT_OPEN,4326,4326.0,NEXT_OPEN,2026-08-03 09:00:00+09:00,2026-08-03 09:00:00+09:00
105560.KS,KRLEVEL_RR|105560|2T|1926|1927|1928,NEXT_OPEN,1929,1929.0,NEXT_OPEN,2024-12-04 09:00:00+09:00,2024-12-04 09:00:00+09:00
105560.KS,KRLEVEL_RR|105560|6T|2170|2172|2174,NEXT_OPEN,2175,2175.0,NEXT_OPEN,2025-02-10 10:00:00+09:00,2025-02-10 10:00:00+09:00
105560.KS,KRLEVEL_RR|105560|4T|3930|3933|3934,NEXT_OPEN,3935,3935.0,NEXT_OPEN,2026-04-24 14:00:00+09:00,2026-04-24 14:00:00+09:00
055550.KS,KRLEVEL_RR|055550|2T|462|464|465,NEXT_OPEN,466,466.0,NEXT_OPEN,2023-12-01 14:00:00+09:00,2023-12-01 14:00:00+09:00
055550.KS,KRLEVEL_RR|055550|2T|616|619|621,NEXT_OPEN,622,622.0,NEXT_OPEN,2024-01-12 09:00:00+09:00,2024-01-12 09:00:00+09:00
055550.KS,KRLEVEL_RR|055550|2T|836|841|842,NEXT_OPEN,843,843.0,NEXT_OPEN,2024-03-07 14:00:00+09:00,2024-03-07 14:00:00+09:00
055550.KS,KRLEVEL_RR|055550|2T|1096|1099|1100,NEXT_OPEN,1101,1101.0,NEXT_OPEN,2024-05-10 14:00:00+09:00,2024-05-10 14:00:00+09:00
055550.KS,KRLEVEL_RR|055550|4T|1459|1461|1463,NEXT_OPEN,1464,1464.0,NEXT_OPEN,2024-08-07 11:00:00+09:00,2024-08-07 11:00:00+09:00
055550.KS,KRLEVEL_RR|055550|2T|3975|3980|3982,NEXT_OPEN,3983,3983.0,NEXT_OPEN,2026-05-08 14:00:00+09:00,2026-05-08 14:00:00+09:00
096770.KS,KRLEVEL_RR|096770|3T|1288|1292|1293,NEXT_OPEN,1294,1294.0,NEXT_OPEN,2024-06-28 09:00:00+09:00,2024-06-28 09:00:00+09:00
096770.KS,KRLEVEL_RR|096770|2T|2019|2021|2022,NEXT_OPEN,2023,2023.0,NEXT_OPEN,2024-12-26 13:00:00+09:00,2024-12-26 13:00:00+09:00
096770.KS,KRLEVEL_RR|096770|3T|2243|2247|2249,NEXT_OPEN,2250,2250.0,NEXT_OPEN,2025-02-26 13:00:00+09:00,2025-02-26 13:00:00+09:00
096770.KS,KRLEVEL_RR|096770|2T|2279|2283|2284,NEXT_OPEN,2285,2285.0,NEXT_OPEN,2025-03-07 12:00:00+09:00,2025-03-07 12:00:00+09:00
096770.KS,KRLEVEL_RR|096770|5T|2657|2663|2664,NEXT_OPEN,2665,2665.0,NEXT_OPEN,2025-06-11 14:00:00+09:00,2025-06-11 14:00:00+09:00
096770.KS,KRLEVEL_RR|096770|3T|2846|2850|2851,NEXT_OPEN,2852,2852.0,NEXT_OPEN,2025-07-25 09:00:00+09:00,2025-07-25 09:00:00+09:00
096770.KS,KRLEVEL_RR|096770|2T|3824|3825|3826,NEXT_OPEN,3827,3827.0,NEXT_OPEN,2026-03-30 09:00:00+09:00,2026-03-30 09:00:00+09:00
066570.KS,KRLEVEL_RR|066570|4T|4333|4335|4336,NEXT_OPEN,4337,4337.0,NEXT_OPEN,2026-08-04 14:00:00+09:00,2026-08-04 14:00:00+09:00
032830.KS,KRLEVEL_RR|032830|4T|1702|1704|1705,NEXT_OPEN,1706,1706.0,NEXT_OPEN,2024-10-11 13:00:00+09:00,2024-10-11 13:00:00+09:00
323410.KS,KRLEVEL_RR|323410|2T|630|632|633,NEXT_OPEN,634,634.0,NEXT_OPEN,2024-01-16 09:00:00+09:00,2024-01-16 09:00:00+09:00
003550.KS,KRLEVEL_RR|003550|2T|516|518|519,NEXT_OPEN,520,520.0,NEXT_OPEN,2023-12-14 14:00:00+09:00,2023-12-14 14:00:00+09:00
003550.KS,KRLEVEL_RR|003550|3T|1162|1165|1167,NEXT_OPEN,1168,1168.0,NEXT_OPEN,2024-05-29 09:00:00+09:00,2024-05-29 09:00:00+09:00
003550.KS,KRLEVEL_RR|003550|2T|2508|2511|2512,NEXT_OPEN,2513,2513.0,NEXT_OPEN,2025-04-30 12:00:00+09:00,2025-04-30 12:00:00+09:00
003550.KS,KRLEVEL_RR|003550|3T|3016|3017|3019,NEXT_OPEN,3020,3020.0,NEXT_OPEN,2025-09-04 09:00:00+09:00,2025-09-04 09:00:00+09:00
015760.KS,KRLEVEL_RR|015760|2T|698|703|704,NEXT_OPEN,705,705.0,NEXT_OPEN,2024-01-31 14:00:00+09:00,2024-01-31 14:00:00+09:00
015760.KS,KRLEVEL_RR|015760|4T|4170|4174|4175,NEXT_OPEN,4176,4176.0,NEXT_OPEN,2026-06-26 09:00:00+09:00,2026-06-26 09:00:00+09:00
329180.KS,KRLEVEL_RR|329180|2T|1336|1339|1340,NEXT_OPEN,1341,1341.0,NEXT_OPEN,2024-07-09 14:00:00+09:00,2024-07-09 14:00:00+09:00
329180.KS,KRLEVEL_RR|329180|2T|1465|1466|1468,NEXT_OPEN,1469,1469.0,NEXT_OPEN,2024-08-08 10:00:00+09:00,2024-08-08 10:00:00+09:00
329180.KS,KRLEVEL_RR|329180|2T|3416|3419|3420,NEXT_OPEN,3421,3421.0,NEXT_OPEN,2025-12-15 09:00:00+09:00,2025-12-15 09:00:00+09:00
329180.KS,KRLEVEL_RR|329180|3T|3990|3995|3996,NEXT_OPEN,3997,3997.0,NEXT_OPEN,2026-05-13 10:00:00+09:00,2026-05-13 10:00:00+09:00
000810.KS,KRLEVEL_RR|000810|3T|412|418|419,NEXT_OPEN,420,420.0,NEXT_OPEN,2023-11-22 10:00:00+09:00,2023-11-22 10:00:00+09:00
000810.KS,KRLEVEL_RR|000810|2T|694|698|699,NEXT_OPEN,700,700.0,NEXT_OPEN,2024-01-31 09:00:00+09:00,2024-01-31 09:00:00+09:00
000810.KS,KRLEVEL_RR|000810|4T|1618|1621|1623,NEXT_OPEN,1624,1624.0,NEXT_OPEN,2024-09-19 09:00:00+09:00,2024-09-19 09:00:00+09:00
000810.KS,KRLEVEL_RR|000810|2T|2895|2897|2898,NEXT_OPEN,2899,2899.0,NEXT_OPEN,2025-08-05 14:00:00+09:00,2025-08-05 14:00:00+09:00
000810.KS,KRLEVEL_RR|000810|5T|3603|3604|3605,NEXT_OPEN,3606,3606.0,NEXT_OPEN,2026-01-30 09:00:00+09:00,2026-01-30 09:00:00+09:00
000810.KS,KRLEVEL_RR|000810|2T|3992|3997|3998,NEXT_OPEN,3999,3999.0,NEXT_OPEN,2026-05-13 12:00:00+09:00,2026-05-13 12:00:00+09:00
033780.KS,KRLEVEL_RR|033780|5T|3552|3555|3556,NEXT_OPEN,3557,3557.0,NEXT_OPEN,2026-01-19 14:00:00+09:00,2026-01-19 14:00:00+09:00
033780.KS,KRLEVEL_RR|033780|5T|3864|3867|3869,NEXT_OPEN,3870,3870.0,NEXT_OPEN,2026-04-09 09:00:00+09:00,2026-04-09 09:00:00+09:00
086790.KS,KRLEVEL_RR|086790|2T|1517|1523|1525,NEXT_OPEN,1526,1526.0,NEXT_OPEN,2024-08-22 13:00:00+09:00,2024-08-22 13:00:00+09:00
086790.KS,KRLEVEL_RR|086790|2T|1669|1674|1675,NEXT_OPEN,1676,1676.0,NEXT_OPEN,2024-10-02 13:00:00+09:00,2024-10-02 13:00:00+09:00
086790.KS,KRLEVEL_RR|086790|2T|3201|3205|3206,NEXT_OPEN,3207,3207.0,NEXT_OPEN,2025-10-24 10:00:00+09:00,2025-10-24 10:00:00+09:00
086790.KS,KRLEVEL_RR|086790|4T|4020|4022|4023,NEXT_OPEN,4024,4024.0,NEXT_OPEN,2026-05-19 13:00:00+09:00,2026-05-19 13:00:00+09:00
086790.KS,KRLEVEL_RR|086790|5T|4208|4211|4212,NEXT_OPEN,4213,4213.0,NEXT_OPEN,2026-07-06 10:00:00+09:00,2026-07-06 10:00:00+09:00
086790.KS,KRLEVEL_RR|086790|4T|4321|4324|4325,NEXT_OPEN,4326,4326.0,NEXT_OPEN,2026-08-03 09:00:00+09:00,2026-08-03 09:00:00+09:00
352820.KS,KRLEVEL_RR|352820|3T|1188|1194|1196,NEXT_OPEN,1197,1197.0,NEXT_OPEN,2024-06-04 14:00:00+09:00,2024-06-04 14:00:00+09:00
009150.KS,KRLEVEL_RR|009150|3T|393|398|400,NEXT_OPEN,401,401.0,NEXT_OPEN,2023-11-17 09:00:00+09:00,2023-11-17 09:00:00+09:00
009150.KS,KRLEVEL_RR|009150|2T|979|980|981,NEXT_OPEN,982,982.0,NEXT_OPEN,2024-04-11 09:00:00+09:00,2024-04-11 09:00:00+09:00
009150.KS,KRLEVEL_RR|009150|4T|2613|2619|2620,NEXT_OPEN,2621,2621.0,NEXT_OPEN,2025-05-29 12:00:00+09:00,2025-05-29 12:00:00+09:00
009150.KS,KRLEVEL_RR|009150|2T|2934|2939|2940,NEXT_OPEN,2941,2941.0,NEXT_OPEN,2025-08-14 14:00:00+09:00,2025-08-14 14:00:00+09:00
009150.KS,KRLEVEL_RR|009150|2T|4236|4238|4239,NEXT_OPEN,4240,4240.0,NEXT_OPEN,2026-07-10 13:00:00+09:00,2026-07-10 13:00:00+09:00
034730.KS,KRLEVEL_RR|034730|2T|820|823|825,NEXT_OPEN,826,826.0,NEXT_OPEN,2024-03-05 09:00:00+09:00,2024-03-05 09:00:00+09:00
034730.KS,KRLEVEL_RR|034730|3T|839|842|844,NEXT_OPEN,845,845.0,NEXT_OPEN,2024-03-08 10:00:00+09:00,2024-03-08 10:00:00+09:00
034730.KS,KRLEVEL_RR|034730|2T|1437|1442|1443,NEXT_OPEN,1444,1444.0,NEXT_OPEN,2024-08-02 09:00:00+09:00,2024-08-02 09:00:00+09:00
034730.KS,KRLEVEL_RR|034730|5T|2241|2243|2245,NEXT_OPEN,2246,2246.0,NEXT_OPEN,2025-02-26 09:00:00+09:00,2025-02-26 09:00:00+09:00
034730.KS,KRLEVEL_RR|034730|2T|3640|3646|3647,NEXT_OPEN,3648,3648.0,NEXT_OPEN,2026-02-11 09:00:00+09:00,2026-02-11 09:00:00+09:00
034020.KS,KRLEVEL_RR|034020|7T|2525|2530|2532,NEXT_OPEN,2533,2533.0,NEXT_OPEN,2025-05-08 14:00:00+09:00,2025-05-08 14:00:00+09:00
034020.KS,KRLEVEL_RR|034020|2T|3069|3070|3071,NEXT_OPEN,3072,3072.0,NEXT_OPEN,2025-09-16 13:00:00+09:00,2025-09-16 13:00:00+09:00
018260.KS,KRLEVEL_RR|018260|2T|822|825|826,NEXT_OPEN,827,827.0,NEXT_OPEN,2024-03-05 10:00:00+09:00,2024-03-05 10:00:00+09:00
018260.KS,KRLEVEL_RR|018260|3T|1904|1906|1908,NEXT_OPEN,1909,1909.0,NEXT_OPEN,2024-11-28 13:00:00+09:00,2024-11-28 13:00:00+09:00
018260.KS,KRLEVEL_RR|018260|7T|1965|1968|1970,NEXT_OPEN,1971,1971.0,NEXT_OPEN,2024-12-13 09:00:00+09:00,2024-12-13 09:00:00+09:00
018260.KS,KRLEVEL_RR|018260|2T|2541|2543|2545,NEXT_OPEN,2546,2546.0,NEXT_OPEN,2025-05-13 09:00:00+09:00,2025-05-13 09:00:00+09:00
018260.KS,KRLEVEL_RR|018260|2T|3122|3126|3127,NEXT_OPEN,3128,3128.0,NEXT_OPEN,2025-09-30 09:00:00+09:00,2025-09-30 09:00:00+09:00
018260.KS,KRLEVEL_RR|018260|5T|3656|3657|3659,NEXT_OPEN,3660,3660.0,NEXT_OPEN,2026-02-13 09:00:00+09:00,2026-02-13 09:00:00+09:00
017670.KS,KRLEVEL_RR|017670|3T|1870|1873|1874,NEXT_OPEN,1875,1875.0,NEXT_OPEN,2024-11-21 09:00:00+09:00,2024-11-21 09:00:00+09:00
042660.KS,KRLEVEL_RR|042660|2T|569|574|576,NEXT_OPEN,577,577.0,NEXT_OPEN,2024-01-02 12:00:00+09:00,2024-01-02 12:00:00+09:00
042660.KS,KRLEVEL_RR|042660|4T|2810|2813|2814,NEXT_OPEN,2815,2815.0,NEXT_OPEN,2025-07-16 14:00:00+09:00,2025-07-16 14:00:00+09:00
042660.KS,KRLEVEL_RR|042660|2T|3074|3077|3078,NEXT_OPEN,3079,3079.0,NEXT_OPEN,2025-09-17 14:00:00+09:00,2025-09-17 14:00:00+09:00
042660.KS,KRLEVEL_RR|042660|3T|3618|3621|3623,NEXT_OPEN,3624,3624.0,NEXT_OPEN,2026-02-05 09:00:00+09:00,2026-02-05 09:00:00+09:00
042660.KS,KRLEVEL_RR|042660|4T|4320|4323|4325,NEXT_OPEN,4326,4326.0,NEXT_OPEN,2026-08-03 09:00:00+09:00,2026-08-03 09:00:00+09:00
010130.KS,KRLEVEL_RR|010130|2T|539|542|544,NEXT_OPEN,545,545.0,NEXT_OPEN,2023-12-21 09:00:00+09:00,2023-12-21 09:00:00+09:00
010130.KS,KRLEVEL_RR|010130|6T|981|982|983,NEXT_OPEN,984,984.0,NEXT_OPEN,2024-04-11 11:00:00+09:00,2024-04-11 11:00:00+09:00
010130.KS,KRLEVEL_RR|010130|2T|1155|1157|1159,NEXT_OPEN,1160,1160.0,NEXT_OPEN,2024-05-27 13:00:00+09:00,2024-05-27 13:00:00+09:00
010130.KS,KRLEVEL_RR|010130|3T|1285|1286|1287,NEXT_OPEN,1288,1288.0,NEXT_OPEN,2024-06-27 09:00:00+09:00,2024-06-27 09:00:00+09:00
010130.KS,KRLEVEL_RR|010130|4T|3775|3777|3779,NEXT_OPEN,3780,3780.0,NEXT_OPEN,2026-03-19 09:00:00+09:00,2026-03-19 09:00:00+09:00
003490.KS,KRLEVEL_RR|003490|4T|1283|1286|1287,NEXT_OPEN,1288,1288.0,NEXT_OPEN,2024-06-27 09:00:00+09:00,2024-06-27 09:00:00+09:00
003490.KS,KRLEVEL_RR|003490|2T|2778|2782|2784,NEXT_OPEN,2785,2785.0,NEXT_OPEN,2025-07-09 14:00:00+09:00,2025-07-09 14:00:00+09:00
003490.KS,KRLEVEL_RR|003490|2T|3285|3291|3293,NEXT_OPEN,3294,3294.0,NEXT_OPEN,2025-11-13 14:00:00+09:00,2025-11-13 14:00:00+09:00
003490.KS,KRLEVEL_RR|003490|2T|3637|3639|3641,NEXT_OPEN,3642,3642.0,NEXT_OPEN,2026-02-10 09:00:00+09:00,2026-02-10 09:00:00+09:00
003490.KS,KRLEVEL_RR|003490|5T|4321|4324|4325,NEXT_OPEN,4326,4326.0,NEXT_OPEN,2026-08-03 09:00:00+09:00,2026-08-03 09:00:00+09:00
003490.KS,KRLEVEL_RR|003490|2T|4344|4346|4348,NEXT_OPEN,4349,4349.0,NEXT_OPEN,2026-08-06 14:00:00+09:00,2026-08-06 14:00:00+09:00
010950.KS,KRLEVEL_RR|010950|3T|2780|2782|2783,NEXT_OPEN,2784,2784.0,NEXT_OPEN,2025-07-09 13:00:00+09:00,2025-07-09 13:00:00+09:00
010950.KS,KRLEVEL_RR|010950|3T|4098|4100|4102,NEXT_OPEN,4103,4103.0,NEXT_OPEN,2026-06-09 14:00:00+09:00,2026-06-09 14:00:00+09:00
010950.KS,KRLEVEL_RR|010950|2T|4279|4281|4282,NEXT_OPEN,4283,4283.0,NEXT_OPEN,2026-07-22 14:00:00+09:00,2026-07-22 14:00:00+09:00
009540.KS,KRLEVEL_RR|009540|6T|667|668|669,NEXT_OPEN,670,670.0,NEXT_OPEN,2024-01-24 09:00:00+09:00,2024-01-24 09:00:00+09:00
009540.KS,KRLEVEL_RR|009540|3T|703|704|705,NEXT_OPEN,706,706.0,NEXT_OPEN,2024-02-01 09:00:00+09:00,2024-02-01 09:00:00+09:00
009540.KS,KRLEVEL_RR|009540|2T|1592|1597|1598,NEXT_OPEN,1599,1599.0,NEXT_OPEN,2024-09-09 14:00:00+09:00,2024-09-09 14:00:00+09:00
009540.KS,KRLEVEL_RR|009540|2T|2562|2568|2570,NEXT_OPEN,2571,2571.0,NEXT_OPEN,2025-05-19 10:00:00+09:00,2025-05-19 10:00:00+09:00
009540.KS,KRLEVEL_RR|009540|2T|2704|2710|2711,NEXT_OPEN,2712,2712.0,NEXT_OPEN,2025-06-23 13:00:00+09:00,2025-06-23 13:00:00+09:00
009540.KS,KRLEVEL_RR|009540|2T|3339|3341|3343,NEXT_OPEN,3344,3344.0,NEXT_OPEN,2025-11-26 10:00:00+09:00,2025-11-26 10:00:00+09:00
009540.KS,KRLEVEL_RR|009540|2T|3984|3987|3988,NEXT_OPEN,3989,3989.0,NEXT_OPEN,2026-05-11 14:00:00+09:00,2026-05-11 14:00:00+09:00
011200.KS,KRLEVEL_RR|011200|4T|1459|1461|1463,NEXT_OPEN,1464,1464.0,NEXT_OPEN,2024-08-07 11:00:00+09:00,2024-08-07 11:00:00+09:00
011200.KS,KRLEVEL_RR|011200|2T|1738|1740|1741,NEXT_OPEN,1742,1742.0,NEXT_OPEN,2024-10-21 13:00:00+09:00,2024-10-21 13:00:00+09:00
011200.KS,KRLEVEL_RR|011200|2T|2274|2278|2280,NEXT_OPEN,2281,2281.0,NEXT_OPEN,2025-03-06 14:00:00+09:00,2025-03-06 14:00:00+09:00
011200.KS,KRLEVEL_RR|011200|3T|3056|3060|3061,NEXT_OPEN,3062,3062.0,NEXT_OPEN,2025-09-15 09:00:00+09:00,2025-09-15 09:00:00+09:00
011200.KS,KRLEVEL_RR|011200|2T|3417|3418|3419,NEXT_OPEN,3420,3420.0,NEXT_OPEN,2025-12-12 14:00:00+09:00,2025-12-12 14:00:00+09:00
011200.KS,KRLEVEL_RR|011200|4T|3724|3729|3731,NEXT_OPEN,3732,3732.0,NEXT_OPEN,2026-03-09 09:00:00+09:00,2026-03-09 09:00:00+09:00
011200.KS,KRLEVEL_RR|011200|6T|4254|4258|4259,NEXT_OPEN,4260,4260.0,NEXT_OPEN,2026-07-16 09:00:00+09:00,2026-07-16 09:00:00+09:00
005930.KS,KRLEVEL_RR|005930|2T|712|715|717,PULLBACK,718,,NO_PULLBACK_HOLD,2024-02-05 09:00:00+09:00,
005930.KS,KRLEVEL_RR|005930|3T|2386|2391|2393,PULLBACK,2394,,NO_PULLBACK_HOLD,2025-04-02 13:00:00+09:00,
005930.KS,KRLEVEL_RR|005930|2T|3636|3640|3642,PULLBACK,3643,3645.0,PULLBACK_HOLD,2026-02-10 10:00:00+09:00,2026-02-10 12:00:00+09:00
005930.KS,KRLEVEL_RR|005930|2T|3912|3914|3916,PULLBACK,3917,3918.0,PULLBACK_HOLD,2026-04-21 14:00:00+09:00,2026-04-22 09:00:00+09:00
373220.KS,KRLEVEL_RR|373220|3T|1522|1525|1526,PULLBACK,1527,1529.0,PULLBACK_HOLD,2024-08-22 14:00:00+09:00,2024-08-23 10:00:00+09:00
373220.KS,KRLEVEL_RR|373220|4T|1865|1866|1868,PULLBACK,1869,1870.0,PULLBACK_HOLD,2024-11-20 09:00:00+09:00,2024-11-20 10:00:00+09:00
373220.KS,KRLEVEL_RR|373220|2T|2336|2338|2339,PULLBACK,2340,2341.0,PULLBACK_HOLD,2025-03-20 13:00:00+09:00,2025-03-20 14:00:00+09:00
373220.KS,KRLEVEL_RR|373220|2T|3416|3419|3420,PULLBACK,3421,3422.0,PULLBACK_HOLD,2025-12-15 09:00:00+09:00,2025-12-15 10:00:00+09:00
373220.KS,KRLEVEL_RR|373220|3T|3720|3723|3725,PULLBACK,3726,3727.0,PULLBACK_HOLD,2026-03-06 09:00:00+09:00,2026-03-06 10:00:00+09:00
373220.KS,KRLEVEL_RR|373220|2T|3750|3753|3755,PULLBACK,3756,,NO_PULLBACK_HOLD,2026-03-13 09:00:00+09:00,
373220.KS,KRLEVEL_RR|373220|3T|3902|3904|3905,PULLBACK,3906,3907.0,PULLBACK_HOLD,2026-04-17 09:00:00+09:00,2026-04-17 10:00:00+09:00
000660.KS,KRLEVEL_RR|000660|3T|2019|2021|2022,PULLBACK,2023,2025.0,PULLBACK_HOLD,2024-12-26 13:00:00+09:00,2024-12-27 09:00:00+09:00
000660.KS,KRLEVEL_RR|000660|2T|2121|2127|2128,PULLBACK,2129,2130.0,PULLBACK_HOLD,2025-01-23 12:00:00+09:00,2025-01-23 13:00:00+09:00
000660.KS,KRLEVEL_RR|000660|2T|3578|3579|3581,PULLBACK,3582,,NO_PULLBACK_HOLD,2026-01-26 09:00:00+09:00,
000660.KS,KRLEVEL_RR|000660|3T|3720|3723|3725,PULLBACK,3726,,NO_PULLBACK_HOLD,2026-03-06 09:00:00+09:00,
207940.KS,KRLEVEL_RR|207940|3T|1456|1459|1461,PULLBACK,1462,1463.0,PULLBACK_HOLD,2024-08-07 09:00:00+09:00,2024-08-07 10:00:00+09:00
207940.KS,KRLEVEL_RR|207940|2T|2303|2304|2305,PULLBACK,2306,,NO_PULLBACK_HOLD,2025-03-13 09:00:00+09:00,
207940.KS,KRLEVEL_RR|207940|3T|2327|2333|2334,PULLBACK,2335,2338.0,PULLBACK_HOLD,2025-03-19 14:00:00+09:00,2025-03-20 11:00:00+09:00
207940.KS,KRLEVEL_RR|207940|2T|2572|2578|2580,PULLBACK,2581,2583.0,PULLBACK_HOLD,2025-05-20 14:00:00+09:00,2025-05-21 10:00:00+09:00
207940.KS,KRLEVEL_RR|207940|3T|2864|2868|2869,PULLBACK,2870,2871.0,PULLBACK_HOLD,2025-07-30 09:00:00+09:00,2025-07-30 10:00:00+09:00
207940.KS,KRLEVEL_RR|207940|3T|3278|3280|3281,PULLBACK,3282,3283.0,PULLBACK_HOLD,2025-12-04 13:00:00+09:00,2025-12-04 14:00:00+09:00
207940.KS,KRLEVEL_RR|207940|3T|3535|3540|3542,PULLBACK,3543,3545.0,PULLBACK_HOLD,2026-02-10 11:00:00+09:00,2026-02-10 13:00:00+09:00
005490.KS,KRLEVEL_RR|005490|2T|3260|3263|3264,PULLBACK,3265,3266.0,PULLBACK_HOLD,2025-11-06 14:00:00+09:00,2025-11-07 09:00:00+09:00
005490.KS,KRLEVEL_RR|005490|2T|3415|3418|3420,PULLBACK,3421,3422.0,PULLBACK_HOLD,2025-12-15 09:00:00+09:00,2025-12-15 10:00:00+09:00
005490.KS,KRLEVEL_RR|005490|2T|3561|3562|3563,PULLBACK,3564,,NO_PULLBACK_HOLD,2026-01-21 09:00:00+09:00,
005490.KS,KRLEVEL_RR|005490|2T|3655|3658|3659,PULLBACK,3660,,NO_PULLBACK_HOLD,2026-02-13 09:00:00+09:00,
051910.KS,KRLEVEL_RR|051910|3T|491|494|496,PULLBACK,497,,NO_PULLBACK_HOLD,2023-12-11 09:00:00+09:00,
051910.KS,KRLEVEL_RR|051910|2T|1301|1304|1305,PULLBACK,1306,1308.0,PULLBACK_HOLD,2024-07-02 09:00:00+09:00,2024-07-02 11:00:00+09:00
051910.KS,KRLEVEL_RR|051910|2T|3978|3980|3982,PULLBACK,3983,3985.0,PULLBACK_HOLD,2026-05-11 09:00:00+09:00,2026-05-11 11:00:00+09:00
006400.KS,KRLEVEL_RR|006400|3T|1540|1543|1544,PULLBACK,1545,1546.0,PULLBACK_HOLD,2024-08-27 14:00:00+09:00,2024-08-28 09:00:00+09:00
006400.KS,KRLEVEL_RR|006400|5T|2616|2622|2623,PULLBACK,2624,,NO_PULLBACK_HOLD,2025-05-30 09:00:00+09:00,
006400.KS,KRLEVEL_RR|006400|2T|2936|2939|2941,PULLBACK,2942,,NO_PULLBACK_HOLD,2025-08-18 09:00:00+09:00,
006400.KS,KRLEVEL_RR|006400|2T|3619|3622|3623,PULLBACK,3624,3625.0,PULLBACK_HOLD,2026-02-05 09:00:00+09:00,2026-02-05 10:00:00+09:00
006400.KS,KRLEVEL_RR|006400|5T|3720|3724|3726,PULLBACK,3727,3729.0,PULLBACK_HOLD,2026-03-06 10:00:00+09:00,2026-03-06 12:00:00+09:00
006400.KS,KRLEVEL_RR|006400|4T|3894|3896|3897,PULLBACK,3898,3899.0,PULLBACK_HOLD,2026-04-15 13:00:00+09:00,2026-04-15 14:00:00+09:00
005380.KS,KRLEVEL_RR|005380|3T|1894|1896|1898,PULLBACK,1899,1900.0,PULLBACK_HOLD,2024-11-27 09:00:00+09:00,2024-11-27 10:00:00+09:00
005380.KS,KRLEVEL_RR|005380|3T|2858|2860|2862,PULLBACK,2863,2864.0,PULLBACK_HOLD,2025-07-28 14:00:00+09:00,2025-07-29 09:00:00+09:00
005380.KS,KRLEVEL_RR|005380|2T|3618|3621|3623,PULLBACK,3624,3625.0,PULLBACK_HOLD,2026-02-05 09:00:00+09:00,2026-02-05 10:00:00+09:00
035420.KS,KRLEVEL_RR|035420|2T|1412|1416|1418,PULLBACK,1419,,NO_PULLBACK_HOLD,2024-07-26 14:00:00+09:00,
035420.KS,KRLEVEL_RR|035420|3T|1638|1643|1644,PULLBACK,1645,1646.0,PULLBACK_HOLD,2024-09-24 12:00:00+09:00,2024-09-24 13:00:00+09:00
035420.KS,KRLEVEL_RR|035420|5T|1798|1801|1803,PULLBACK,1804,1805.0,PULLBACK_HOLD,2024-11-05 09:00:00+09:00,2024-11-05 10:00:00+09:00
035420.KS,KRLEVEL_RR|035420|2T|3585|3586|3587,PULLBACK,3588,3589.0,PULLBACK_HOLD,2026-01-27 09:00:00+09:00,2026-01-27 10:00:00+09:00
035420.KS,KRLEVEL_RR|035420|5T|4322|4323|4325,PULLBACK,4326,4327.0,PULLBACK_HOLD,2026-08-03 09:00:00+09:00,2026-08-03 10:00:00+09:00
003670.KS,KRLEVEL_RR|003670|2T|2936|2940|2941,PULLBACK,2942,,NO_PULLBACK_HOLD,2025-08-18 09:00:00+09:00,
000270.KS,KRLEVEL_RR|000270|2T|3950|3956|3958,PULLBACK,3959,,NO_PULLBACK_HOLD,2026-04-30 09:00:00+09:00,
000270.KS,KRLEVEL_RR|000270|3T|4260|4262|4264,PULLBACK,4265,4266.0,PULLBACK_HOLD,2026-07-16 09:00:00+09:00,2026-07-16 10:00:00+09:00
035720.KS,KRLEVEL_RR|035720|3T|1036|1039|1040,PULLBACK,1041,1042.0,PULLBACK_HOLD,2024-04-24 14:00:00+09:00,2024-04-25 09:00:00+09:00
035720.KS,KRLEVEL_RR|035720|2T|1882|1888|1890,PULLBACK,1891,1893.0,PULLBACK_HOLD,2024-11-25 13:00:00+09:00,2024-11-26 09:00:00+09:00
035720.KS,KRLEVEL_RR|035720|3T|2289|2291|2292,PULLBACK,2293,,NO_PULLBACK_HOLD,2025-03-10 14:00:00+09:00,
068270.KS,KRLEVEL_RR|068270|3T|658|660|661,PULLBACK,662,663.0,PULLBACK_HOLD,2024-01-22 13:00:00+09:00,2024-01-22 14:00:00+09:00
068270.KS,KRLEVEL_RR|068270|4T|895|899|900,PULLBACK,901,902.0,PULLBACK_HOLD,2024-03-21 12:00:00+09:00,2024-03-21 13:00:00+09:00
068270.KS,KRLEVEL_RR|068270|2T|2657|2663|2665,PULLBACK,2666,2667.0,PULLBACK_HOLD,2025-06-12 09:00:00+09:00,2025-06-12 10:00:00+09:00
068270.KS,KRLEVEL_RR|068270|2T|2680|2682|2683,PULLBACK,2684,2685.0,PULLBACK_HOLD,2025-06-17 09:00:00+09:00,2025-06-17 10:00:00+09:00
068270.KS,KRLEVEL_RR|068270|3T|3521|3524|3525,PULLBACK,3526,,NO_PULLBACK_HOLD,2026-01-12 13:00:00+09:00,
068270.KS,KRLEVEL_RR|068270|7T|4185|4186|4187,PULLBACK,4188,,NO_PULLBACK_HOLD,2026-06-30 09:00:00+09:00,
068270.KS,KRLEVEL_RR|068270|4T|4201|4204|4206,PULLBACK,4207,4208.0,PULLBACK_HOLD,2026-07-03 10:00:00+09:00,2026-07-03 11:00:00+09:00
012330.KS,KRLEVEL_RR|012330|2T|3557|3562|3564,PULLBACK,3565,3566.0,PULLBACK_HOLD,2026-01-21 10:00:00+09:00,2026-01-21 11:00:00+09:00
012330.KS,KRLEVEL_RR|012330|5T|3678|3682|3684,PULLBACK,3685,3686.0,PULLBACK_HOLD,2026-02-24 10:00:00+09:00,2026-02-24 11:00:00+09:00
012330.KS,KRLEVEL_RR|012330|2T|3727|3730|3731,PULLBACK,3732,,NO_PULLBACK_HOLD,2026-03-09 09:00:00+09:00,
012330.KS,KRLEVEL_RR|012330|2T|4116|4120|4122,PULLBACK,4123,4125.0,PULLBACK_HOLD,2026-06-15 10:00:00+09:00,2026-06-15 12:00:00+09:00
012330.KS,KRLEVEL_RR|012330|3T|4320|4324|4325,PULLBACK,4326,4327.0,PULLBACK_HOLD,2026-08-03 09:00:00+09:00,2026-08-03 10:00:00+09:00
105560.KS,KRLEVEL_RR|105560|2T|1926|1927|1928,PULLBACK,1929,,NO_PULLBACK_HOLD,2024-12-04 09:00:00+09:00,
105560.KS,KRLEVEL_RR|105560|6T|2170|2172|2174,PULLBACK,2175,,NO_PULLBACK_HOLD,2025-02-10 10:00:00+09:00,
105560.KS,KRLEVEL_RR|105560|4T|3930|3933|3934,PULLBACK,3935,,NO_PULLBACK_HOLD,2026-04-24 14:00:00+09:00,
055550.KS,KRLEVEL_RR|055550|2T|462|464|465,PULLBACK,466,468.0,PULLBACK_HOLD,2023-12-01 14:00:00+09:00,2023-12-04 10:00:00+09:00
055550.KS,KRLEVEL_RR|055550|2T|616|619|621,PULLBACK,622,,NO_PULLBACK_HOLD,2024-01-12 09:00:00+09:00,
055550.KS,KRLEVEL_RR|055550|2T|836|841|842,PULLBACK,843,844.0,PULLBACK_HOLD,2024-03-07 14:00:00+09:00,2024-03-08 09:00:00+09:00
055550.KS,KRLEVEL_RR|055550|2T|1096|1099|1100,PULLBACK,1101,1103.0,PULLBACK_HOLD,2024-05-10 14:00:00+09:00,2024-05-13 10:00:00+09:00
055550.KS,KRLEVEL_RR|055550|4T|1459|1461|1463,PULLBACK,1464,,NO_PULLBACK_HOLD,2024-08-07 11:00:00+09:00,
055550.KS,KRLEVEL_RR|055550|2T|3975|3980|3982,PULLBACK,3983,,NO_PULLBACK_HOLD,2026-05-08 14:00:00+09:00,
096770.KS,KRLEVEL_RR|096770|3T|1288|1292|1293,PULLBACK,1294,1295.0,PULLBACK_HOLD,2024-06-28 09:00:00+09:00,2024-06-28 10:00:00+09:00
096770.KS,KRLEVEL_RR|096770|2T|2019|2021|2022,PULLBACK,2023,,NO_PULLBACK_HOLD,2024-12-26 13:00:00+09:00,
096770.KS,KRLEVEL_RR|096770|3T|2243|2247|2249,PULLBACK,2250,2251.0,PULLBACK_HOLD,2025-02-26 13:00:00+09:00,2025-02-26 14:00:00+09:00
096770.KS,KRLEVEL_RR|096770|2T|2279|2283|2284,PULLBACK,2285,2286.0,PULLBACK_HOLD,2025-03-07 12:00:00+09:00,2025-03-07 13:00:00+09:00
096770.KS,KRLEVEL_RR|096770|5T|2657|2663|2664,PULLBACK,2665,,NO_PULLBACK_HOLD,2025-06-11 14:00:00+09:00,
096770.KS,KRLEVEL_RR|096770|3T|2846|2850|2851,PULLBACK,2852,,NO_PULLBACK_HOLD,2025-07-25 09:00:00+09:00,
096770.KS,KRLEVEL_RR|096770|2T|3824|3825|3826,PULLBACK,3827,3828.0,PULLBACK_HOLD,2026-03-30 09:00:00+09:00,2026-03-30 10:00:00+09:00
066570.KS,KRLEVEL_RR|066570|4T|4333|4335|4336,PULLBACK,4337,4338.0,PULLBACK_HOLD,2026-08-04 14:00:00+09:00,2026-08-05 09:00:00+09:00
032830.KS,KRLEVEL_RR|032830|4T|1702|1704|1705,PULLBACK,1706,1708.0,PULLBACK_HOLD,2024-10-11 13:00:00+09:00,2024-10-14 09:00:00+09:00
323410.KS,KRLEVEL_RR|323410|2T|630|632|633,PULLBACK,634,,NO_PULLBACK_HOLD,2024-01-16 09:00:00+09:00,
003550.KS,KRLEVEL_RR|003550|2T|516|518|519,PULLBACK,520,521.0,PULLBACK_HOLD,2023-12-14 14:00:00+09:00,2023-12-15 09:00:00+09:00
003550.KS,KRLEVEL_RR|003550|3T|1162|1165|1167,PULLBACK,1168,1169.0,PULLBACK_HOLD,2024-05-29 09:00:00+09:00,2024-05-29 10:00:00+09:00
003550.KS,KRLEVEL_RR|003550|2T|2508|2511|2512,PULLBACK,2513,2515.0,PULLBACK_HOLD,2025-04-30 12:00:00+09:00,2025-04-30 14:00:00+09:00
003550.KS,KRLEVEL_RR|003550|3T|3016|3017|3019,PULLBACK,3020,3021.0,PULLBACK_HOLD,2025-09-04 09:00:00+09:00,2025-09-04 10:00:00+09:00
015760.KS,KRLEVEL_RR|015760|2T|698|703|704,PULLBACK,705,706.0,PULLBACK_HOLD,2024-01-31 14:00:00+09:00,2024-02-01 09:00:00+09:00
015760.KS,KRLEVEL_RR|015760|4T|4170|4174|4175,PULLBACK,4176,,NO_PULLBACK_HOLD,2026-06-26 09:00:00+09:00,
329180.KS,KRLEVEL_RR|329180|2T|1336|1339|1340,PULLBACK,1341,1343.0,PULLBACK_HOLD,2024-07-09 14:00:00+09:00,2024-07-10 10:00:00+09:00
329180.KS,KRLEVEL_RR|329180|2T|1465|1466|1468,PULLBACK,1469,1470.0,PULLBACK_HOLD,2024-08-08 10:00:00+09:00,2024-08-08 11:00:00+09:00
329180.KS,KRLEVEL_RR|329180|2T|3416|3419|3420,PULLBACK,3421,,NO_PULLBACK_HOLD,2025-12-15 09:00:00+09:00,
329180.KS,KRLEVEL_RR|329180|3T|3990|3995|3996,PULLBACK,3997,,NO_PULLBACK_HOLD,2026-05-13 10:00:00+09:00,
000810.KS,KRLEVEL_RR|000810|3T|412|418|419,PULLBACK,420,421.0,PULLBACK_HOLD,2023-11-22 10:00:00+09:00,2023-11-22 11:00:00+09:00
000810.KS,KRLEVEL_RR|000810|2T|694|698|699,PULLBACK,700,701.0,PULLBACK_HOLD,2024-01-31 09:00:00+09:00,2024-01-31 10:00:00+09:00
000810.KS,KRLEVEL_RR|000810|4T|1618|1621|1623,PULLBACK,1624,1625.0,PULLBACK_HOLD,2024-09-19 09:00:00+09:00,2024-09-19 10:00:00+09:00
000810.KS,KRLEVEL_RR|000810|2T|2895|2897|2898,PULLBACK,2899,2902.0,PULLBACK_HOLD,2025-08-05 14:00:00+09:00,2025-08-06 11:00:00+09:00
000810.KS,KRLEVEL_RR|000810|5T|3603|3604|3605,PULLBACK,3606,3607.0,PULLBACK_HOLD,2026-01-30 09:00:00+09:00,2026-01-30 10:00:00+09:00
000810.KS,KRLEVEL_RR|000810|2T|3992|3997|3998,PULLBACK,3999,,NO_PULLBACK_HOLD,2026-05-13 12:00:00+09:00,
033780.KS,KRLEVEL_RR|033780|5T|3552|3555|3556,PULLBACK,3557,3559.0,PULLBACK_HOLD,2026-01-19 14:00:00+09:00,2026-01-20 10:00:00+09:00
033780.KS,KRLEVEL_RR|033780|5T|3864|3867|3869,PULLBACK,3870,3871.0,PULLBACK_HOLD,2026-04-09 09:00:00+09:00,2026-04-09 10:00:00+09:00
086790.KS,KRLEVEL_RR|086790|2T|1517|1523|1525,PULLBACK,1526,1527.0,PULLBACK_HOLD,2024-08-22 13:00:00+09:00,2024-08-22 14:00:00+09:00
086790.KS,KRLEVEL_RR|086790|2T|1669|1674|1675,PULLBACK,1676,,NO_PULLBACK_HOLD,2024-10-02 13:00:00+09:00,
086790.KS,KRLEVEL_RR|086790|2T|3201|3205|3206,PULLBACK,3207,3209.0,PULLBACK_HOLD,2025-10-24 10:00:00+09:00,2025-10-24 12:00:00+09:00
086790.KS,KRLEVEL_RR|086790|4T|4020|4022|4023,PULLBACK,4024,4026.0,PULLBACK_HOLD,2026-05-19 13:00:00+09:00,2026-05-20 09:00:00+09:00
086790.KS,KRLEVEL_RR|086790|5T|4208|4211|4212,PULLBACK,4213,4214.0,PULLBACK_HOLD,2026-07-06 10:00:00+09:00,2026-07-06 11:00:00+09:00
086790.KS,KRLEVEL_RR|086790|4T|4321|4324|4325,PULLBACK,4326,4327.0,PULLBACK_HOLD,2026-08-03 09:00:00+09:00,2026-08-03 10:00:00+09:00
352820.KS,KRLEVEL_RR|352820|3T|1188|1194|1196,PULLBACK,1197,,NO_PULLBACK_HOLD,2024-06-04 14:00:00+09:00,
009150.KS,KRLEVEL_RR|009150|3T|393|398|400,PULLBACK,401,402.0,PULLBACK_HOLD,2023-11-17 09:00:00+09:00,2023-11-17 10:00:00+09:00
009150.KS,KRLEVEL_RR|009150|2T|979|980|981,PULLBACK,982,984.0,PULLBACK_HOLD,2024-04-11 09:00:00+09:00,2024-04-11 11:00:00+09:00
009150.KS,KRLEVEL_RR|009150|4T|2613|2619|2620,PULLBACK,2621,2622.0,PULLBACK_HOLD,2025-05-29 12:00:00+09:00,2025-05-29 13:00:00+09:00
009150.KS,KRLEVEL_RR|009150|2T|2934|2939|2940,PULLBACK,2941,,NO_PULLBACK_HOLD,2025-08-14 14:00:00+09:00,
009150.KS,KRLEVEL_RR|009150|2T|4236|4238|4239,PULLBACK,4240,4242.0,PULLBACK_HOLD,2026-07-10 13:00:00+09:00,2026-07-13 09:00:00+09:00
034730.KS,KRLEVEL_RR|034730|2T|820|823|825,PULLBACK,826,827.0,PULLBACK_HOLD,2024-03-05 09:00:00+09:00,2024-03-05 10:00:00+09:00
034730.KS,KRLEVEL_RR|034730|3T|839|842|844,PULLBACK,845,,NO_PULLBACK_HOLD,2024-03-08 10:00:00+09:00,
034730.KS,KRLEVEL_RR|034730|2T|1437|1442|1443,PULLBACK,1444,,NO_PULLBACK_HOLD,2024-08-02 09:00:00+09:00,
034730.KS,KRLEVEL_RR|034730|5T|2241|2243|2245,PULLBACK,2246,,NO_PULLBACK_HOLD,2025-02-26 09:00:00+09:00,
034730.KS,KRLEVEL_RR|034730|2T|3640|3646|3647,PULLBACK,3648,3649.0,PULLBACK_HOLD,2026-02-11 09:00:00+09:00,2026-02-11 10:00:00+09:00
034020.KS,KRLEVEL_RR|034020|7T|2525|2530|2532,PULLBACK,2533,2534.0,PULLBACK_HOLD,2025-05-08 14:00:00+09:00,2025-05-09 09:00:00+09:00
034020.KS,KRLEVEL_RR|034020|2T|3069|3070|3071,PULLBACK,3072,3073.0,PULLBACK_HOLD,2025-09-16 13:00:00+09:00,2025-09-16 14:00:00+09:00
018260.KS,KRLEVEL_RR|018260|2T|822|825|826,PULLBACK,827,830.0,PULLBACK_HOLD,2024-03-05 10:00:00+09:00,2024-03-05 13:00:00+09:00
018260.KS,KRLEVEL_RR|018260|3T|1904|1906|1908,PULLBACK,1909,1910.0,PULLBACK_HOLD,2024-11-28 13:00:00+09:00,2024-11-28 14:00:00+09:00
018260.KS,KRLEVEL_RR|018260|7T|1965|1968|1970,PULLBACK,1971,1972.0,PULLBACK_HOLD,2024-12-13 09:00:00+09:00,2024-12-13 10:00:00+09:00
018260.KS,KRLEVEL_RR|018260|2T|2541|2543|2545,PULLBACK,2546,2547.0,PULLBACK_HOLD,2025-05-13 09:00:00+09:00,2025-05-13 10:00:00+09:00
018260.KS,KRLEVEL_RR|018260|2T|3122|3126|3127,PULLBACK,3128,3129.0,PULLBACK_HOLD,2025-09-30 09:00:00+09:00,2025-09-30 10:00:00+09:00
018260.KS,KRLEVEL_RR|018260|5T|3656|3657|3659,PULLBACK,3660,,NO_PULLBACK_HOLD,2026-02-13 09:00:00+09:00,
017670.KS,KRLEVEL_RR|017670|3T|1870|1873|1874,PULLBACK,1875,,NO_PULLBACK_HOLD,2024-11-21 09:00:00+09:00,
042660.KS,KRLEVEL_RR|042660|2T|569|574|576,PULLBACK,577,580.0,PULLBACK_HOLD,2024-01-02 12:00:00+09:00,2024-01-03 09:00:00+09:00
042660.KS,KRLEVEL_RR|042660|4T|2810|2813|2814,PULLBACK,2815,2818.0,PULLBACK_HOLD,2025-07-16 14:00:00+09:00,2025-07-17 11:00:00+09:00
042660.KS,KRLEVEL_RR|042660|2T|3074|3077|3078,PULLBACK,3079,,NO_PULLBACK_HOLD,2025-09-17 14:00:00+09:00,
042660.KS,KRLEVEL_RR|042660|3T|3618|3621|3623,PULLBACK,3624,,NO_PULLBACK_HOLD,2026-02-05 09:00:00+09:00,
042660.KS,KRLEVEL_RR|042660|4T|4320|4323|4325,PULLBACK,4326,4327.0,PULLBACK_HOLD,2026-08-03 09:00:00+09:00,2026-08-03 10:00:00+09:00
010130.KS,KRLEVEL_RR|010130|2T|539|542|544,PULLBACK,545,546.0,PULLBACK_HOLD,2023-12-21 09:00:00+09:00,2023-12-21 10:00:00+09:00
010130.KS,KRLEVEL_RR|010130|6T|981|982|983,PULLBACK,984,,NO_PULLBACK_HOLD,2024-04-11 11:00:00+09:00,
010130.KS,KRLEVEL_RR|010130|2T|1155|1157|1159,PULLBACK,1160,1161.0,PULLBACK_HOLD,2024-05-27 13:00:00+09:00,2024-05-27 14:00:00+09:00
010130.KS,KRLEVEL_RR|010130|3T|1285|1286|1287,PULLBACK,1288,1290.0,PULLBACK_HOLD,2024-06-27 09:00:00+09:00,2024-06-27 11:00:00+09:00
010130.KS,KRLEVEL_RR|010130|4T|3775|3777|3779,PULLBACK,3780,,NO_PULLBACK_HOLD,2026-03-19 09:00:00+09:00,
003490.KS,KRLEVEL_RR|003490|4T|1283|1286|1287,PULLBACK,1288,1289.0,PULLBACK_HOLD,2024-06-27 09:00:00+09:00,2024-06-27 10:00:00+09:00
003490.KS,KRLEVEL_RR|003490|2T|2778|2782|2784,PULLBACK,2785,2786.0,PULLBACK_HOLD,2025-07-09 14:00:00+09:00,2025-07-10 09:00:00+09:00
003490.KS,KRLEVEL_RR|003490|2T|3285|3291|3293,PULLBACK,3294,,NO_PULLBACK_HOLD,2025-11-13 14:00:00+09:00,
003490.KS,KRLEVEL_RR|003490|2T|3637|3639|3641,PULLBACK,3642,,NO_PULLBACK_HOLD,2026-02-10 09:00:00+09:00,
003490.KS,KRLEVEL_RR|003490|5T|4321|4324|4325,PULLBACK,4326,4327.0,PULLBACK_HOLD,2026-08-03 09:00:00+09:00,2026-08-03 10:00:00+09:00
003490.KS,KRLEVEL_RR|003490|2T|4344|4346|4348,PULLBACK,4349,4350.0,PULLBACK_HOLD,2026-08-06 14:00:00+09:00,2026-08-07 09:00:00+09:00
010950.KS,KRLEVEL_RR|010950|3T|2780|2782|2783,PULLBACK,2784,2785.0,PULLBACK_HOLD,2025-07-09 13:00:00+09:00,2025-07-09 14:00:00+09:00
010950.KS,KRLEVEL_RR|010950|3T|4098|4100|4102,PULLBACK,4103,4106.0,PULLBACK_HOLD,2026-06-09 14:00:00+09:00,2026-06-10 11:00:00+09:00
010950.KS,KRLEVEL_RR|010950|2T|4279|4281|4282,PULLBACK,4283,4286.0,PULLBACK_HOLD,2026-07-22 14:00:00+09:00,2026-07-23 11:00:00+09:00
009540.KS,KRLEVEL_RR|009540|6T|667|668|669,PULLBACK,670,,NO_PULLBACK_HOLD,2024-01-24 09:00:00+09:00,
009540.KS,KRLEVEL_RR|009540|3T|703|704|705,PULLBACK,706,707.0,PULLBACK_HOLD,2024-02-01 09:00:00+09:00,2024-02-01 10:00:00+09:00
009540.KS,KRLEVEL_RR|009540|2T|1592|1597|1598,PULLBACK,1599,1600.0,PULLBACK_HOLD,2024-09-09 14:00:00+09:00,2024-09-10 09:00:00+09:00
009540.KS,KRLEVEL_RR|009540|2T|2562|2568|2570,PULLBACK,2571,,NO_PULLBACK_HOLD,2025-05-19 10:00:00+09:00,
009540.KS,KRLEVEL_RR|009540|2T|2704|2710|2711,PULLBACK,2712,2713.0,PULLBACK_HOLD,2025-06-23 13:00:00+09:00,2025-06-23 14:00:00+09:00
009540.KS,KRLEVEL_RR|009540|2T|3339|3341|3343,PULLBACK,3344,3345.0,PULLBACK_HOLD,2025-11-26 10:00:00+09:00,2025-11-26 11:00:00+09:00
009540.KS,KRLEVEL_RR|009540|2T|3984|3987|3988,PULLBACK,3989,3990.0,PULLBACK_HOLD,2026-05-11 14:00:00+09:00,2026-05-12 09:00:00+09:00
011200.KS,KRLEVEL_RR|011200|4T|1459|1461|1463,PULLBACK,1464,,NO_PULLBACK_HOLD,2024-08-07 11:00:00+09:00,
011200.KS,KRLEVEL_RR|011200|2T|1738|1740|1741,PULLBACK,1742,1743.0,PULLBACK_HOLD,2024-10-21 13:00:00+09:00,2024-10-21 14:00:00+09:00
011200.KS,KRLEVEL_RR|011200|2T|2274|2278|2280,PULLBACK,2281,2282.0,PULLBACK_HOLD,2025-03-06 14:00:00+09:00,2025-03-07 09:00:00+09:00
011200.KS,KRLEVEL_RR|011200|3T|3056|3060|3061,PULLBACK,3062,,NO_PULLBACK_HOLD,2025-09-15 09:00:00+09:00,
011200.KS,KRLEVEL_RR|011200|2T|3417|3418|3419,PULLBACK,3420,3421.0,PULLBACK_HOLD,2025-12-12 14:00:00+09:00,2025-12-15 09:00:00+09:00
011200.KS,KRLEVEL_RR|011200|4T|3724|3729|3731,PULLBACK,3732,,NO_PULLBACK_HOLD,2026-03-09 09:00:00+09:00,
011200.KS,KRLEVEL_RR|011200|6T|4254|4258|4259,PULLBACK,4260,4261.0,PULLBACK_HOLD,2026-07-16 09:00:00+09:00,2026-07-16 10:00:00+09:00
