variant,entry_mode,exit_mode,capital_krw,slippage_ticks,ending_equity,return_pct,trades,wins,losses,pf,max_dd_pct,commissions,taxes,pnl,resolved_tickers,setups_before,setups_after_v028_filter,entry_candidates
NEXT_OPEN|LEGACY_R,NEXT_OPEN,LEGACY_R,5000000,0,4909951.392999993,-0.018009721400001455,87,51,36,0.7612869257228437,0.026695693382001506,9075.455999999998,53133.151000000005,-90048.6070000004,40,2803,157,157
NEXT_OPEN|LEGACY_R,NEXT_OPEN,LEGACY_R,5000000,1,4819783.416500002,-0.036043316699999606,87,50,37,0.5962059577180696,0.040121036952771805,9361.549500000001,54365.03400000001,-180216.58350000042,40,2803,157,157
NEXT_OPEN|LEGACY_R,NEXT_OPEN,LEGACY_R,5000000,2,4752360.188000004,-0.04952796239999924,84,44,40,0.5028517917616264,0.0512522443506912,9287.604,53412.207999999984,-247639.81199999969,40,2803,157,157
NEXT_OPEN|LEGACY_R,NEXT_OPEN,LEGACY_R,10000000,0,10134502.682500012,0.013450268250001285,109,67,42,1.1553261725269341,0.017630669334260163,22725.295499999997,132682.022,134502.68250000084,40,2803,157,157
NEXT_OPEN|LEGACY_R,NEXT_OPEN,LEGACY_R,10000000,1,9805460.118999982,-0.019453988100001762,105,63,42,0.8104568972073337,0.02800230589665409,23360.375999999997,134719.50499999998,-194539.88099999927,40,2803,157,157
NEXT_OPEN|LEGACY_R,NEXT_OPEN,LEGACY_R,10000000,2,9591485.538999993,-0.04085144610000069,105,58,47,0.6633680277173334,0.04496614671313448,24243.545999999995,139130.915,-408514.46099999954,40,2803,157,157
NEXT_OPEN|LEGACY_R,NEXT_OPEN,LEGACY_R,20000000,0,20496647.846500024,0.024832392325001118,122,75,47,1.2770262257832299,0.01823737308539597,50531.7045,295390.449,496647.846500001,40,2803,157,157
NEXT_OPEN|LEGACY_R,NEXT_OPEN,LEGACY_R,20000000,1,19932131.788999975,-0.003393410550001308,121,73,48,0.9688247339920121,0.027021717890781005,52795.296,306112.915,-67868.21099999984,40,2803,157,157
NEXT_OPEN|LEGACY_R,NEXT_OPEN,LEGACY_R,20000000,2,19395494.4375,-0.030225278124999977,121,68,53,0.7672579510575519,0.03803629860681923,54488.65949999999,314206.903,-604505.5624999977,40,2803,157,157
NEXT_OPEN|LEGACY_R,NEXT_OPEN,LEGACY_R,50000000,0,50904641.94049997,0.018092838809999456,130,77,53,1.1680639292257566,0.021075057027194477,140813.5395,821054.52,904641.940500003,40,2803,157,157
NEXT_OPEN|LEGACY_R,NEXT_OPEN,LEGACY_R,50000000,1,49218961.94100003,-0.015620761179999443,128,75,53,0.8785760845813344,0.02886517043709802,144688.34699999998,839109.712,-781038.059000004,40,2803,157,157
NEXT_OPEN|LEGACY_R,NEXT_OPEN,LEGACY_R,50000000,2,47677009.805500016,-0.04645980388999971,126,66,60,0.6925918812785414,0.050643025493980476,147044.38649999996,846955.808,-2322990.194500002,40,2803,157,157
NEXT_OPEN|TRAIL_AVG,NEXT_OPEN,TRAIL_AVG,5000000,0,4937344.243,-0.012531151400000051,86,45,41,0.8379090850040098,0.03440710575499484,9282.080999999998,54733.67600000001,-62655.75700000052,40,2803,157,157
NEXT_OPEN|TRAIL_AVG,NEXT_OPEN,TRAIL_AVG,5000000,1,4866452.026499999,-0.026709594700000228,86,46,40,0.6988465921184795,0.040875205712082585,9478.294499999998,55579.679000000004,-133547.9735000003,40,2803,157,157
NEXT_OPEN|TRAIL_AVG,NEXT_OPEN,TRAIL_AVG,5000000,2,4794511.835,-0.04109763300000002,86,42,44,0.5816569181600872,0.04632292314030739,9409.616999999998,55118.547999999995,-205488.16499999963,40,2803,157,157
NEXT_OPEN|TRAIL_AVG,NEXT_OPEN,TRAIL_AVG,10000000,0,10180087.916500013,0.018008791650001355,109,60,49,1.1947237886439261,0.02586190435571145,24251.371499999994,142230.712,180087.9165,40,2803,157,157
NEXT_OPEN|TRAIL_AVG,NEXT_OPEN,TRAIL_AVG,10000000,1,10018271.122499987,0.0018271122499986525,106,61,45,1.017957203900396,0.030370662239963986,24162.5775,140916.3,18271.122500001016,40,2803,157,157
NEXT_OPEN|TRAIL_AVG,NEXT_OPEN,TRAIL_AVG,10000000,2,9746253.121499987,-0.0253746878500013,105,54,51,0.780530616906735,0.0432059567897255,23861.164499999995,138415.714,-253746.87849999985,40,2803,157,157
NEXT_OPEN|TRAIL_AVG,NEXT_OPEN,TRAIL_AVG,20000000,0,21132044.39900004,0.05660221995000203,123,69,54,1.5803639071702404,0.023591448164887896,54688.916999999994,322126.684,1132044.3990000014,40,2803,157,157
NEXT_OPEN|TRAIL_AVG,NEXT_OPEN,TRAIL_AVG,20000000,1,20644624.37099999,0.03223121854999933,119,70,49,1.2990041060464388,0.02526737262975698,54124.995,316830.6339999999,644624.3710000005,40,2803,157,157
NEXT_OPEN|TRAIL_AVG,NEXT_OPEN,TRAIL_AVG,20000000,2,20120397.25699997,0.0060198628499985585,119,65,54,1.0490710754727324,0.029594381110569112,54035.487,315227.256,120397.25700000225,40,2803,157,157
NEXT_OPEN|TRAIL_AVG,NEXT_OPEN,TRAIL_AVG,50000000,0,52785384.511000015,0.05570769022000022,131,70,61,1.4767967735939138,0.027733867379056143,151828.503,891546.986,2785384.511000011,40,2803,157,157
NEXT_OPEN|TRAIL_AVG,NEXT_OPEN,TRAIL_AVG,50000000,1,51526085.25750001,0.03052170515000019,127,71,56,1.2369207751796782,0.02999634777843374,150761.3175,881063.425,1526085.2574999968,40,2803,157,157
NEXT_OPEN|TRAIL_AVG,NEXT_OPEN,TRAIL_AVG,50000000,2,49973642.34000002,-0.0005271531999996304,127,66,61,0.9963846118082416,0.03451909755847404,150013.13999999993,872844.52,-26357.659999998054,40,2803,157,157
NEXT_OPEN|TRAIL_P70,NEXT_OPEN,TRAIL_P70,5000000,0,4967074.768000001,-0.006585046399999794,85,46,39,0.9172279995414467,0.03150108774096183,9415.145999999999,55570.086,-32925.232000000295,40,2803,157,157
NEXT_OPEN|TRAIL_P70,NEXT_OPEN,TRAIL_P70,5000000,1,4870145.163999998,-0.02597096720000036,85,45,40,0.7219481562641167,0.0378022494605601,9731.577,56983.259000000005,-129854.83600000034,40,2803,157,157
NEXT_OPEN|TRAIL_P70,NEXT_OPEN,TRAIL_P70,5000000,2,4797771.129999998,-0.04044577400000038,85,41,44,0.6086974392676213,0.04406900286710558,9676.932,56591.938,-202228.86999999965,40,2803,157,157
NEXT_OPEN|TRAIL_P70,NEXT_OPEN,TRAIL_P70,10000000,0,10198952.059000012,0.019895205900001045,106,58,48,1.2110185126253314,0.024701838309073687,24088.508999999995,141379.432,198952.0590000004,40,2803,157,157
NEXT_OPEN|TRAIL_P70,NEXT_OPEN,TRAIL_P70,10000000,1,9972703.34999998,-0.002729665000002046,103,56,47,0.9745629063587232,0.0313848945045615,24222.584999999995,140774.065,-27296.649999998393,40,2803,157,157
NEXT_OPEN|TRAIL_P70,NEXT_OPEN,TRAIL_P70,10000000,2,9727001.346499987,-0.027299865350001284,103,50,53,0.7771483952576179,0.041786659650497104,24207.169499999996,140221.484,-272998.65349999955,40,2803,157,157
NEXT_OPEN|TRAIL_P70,NEXT_OPEN,TRAIL_P70,20000000,0,21183239.539000027,0.05916197695000136,119,67,52,1.6005470462240965,0.024639692530632917,54617.59199999999,321802.869,1183239.5390000008,40,2803,157,157
NEXT_OPEN|TRAIL_P70,NEXT_OPEN,TRAIL_P70,20000000,1,20633206.597999986,0.03166032989999934,117,66,51,1.2772124554835098,0.027707751486881205,54789.19499999999,320304.20699999994,633206.5980000002,40,2803,157,157
NEXT_OPEN|TRAIL_P70,NEXT_OPEN,TRAIL_P70,20000000,2,20063938.229499977,0.003196911474998787,117,60,57,1.0243969995356064,0.03241398700039888,54648.86849999999,318302.90199999994,63938.229500002635,40,2803,157,157
NEXT_OPEN|TRAIL_P70,NEXT_OPEN,TRAIL_P70,50000000,0,52993666.466000035,0.05987332932000067,127,67,60,1.5089315976881421,0.027801965867504386,151654.11899999998,890959.4149999997,2993666.466000011,40,2803,157,157
NEXT_OPEN|TRAIL_P70,NEXT_OPEN,TRAIL_P70,50000000,1,51467876.63050001,0.02935753261000018,125,67,58,1.2156514792375699,0.0306308288789382,152495.9415,889997.428,1467876.6304999974,40,2803,157,157
NEXT_OPEN|TRAIL_P70,NEXT_OPEN,TRAIL_P70,50000000,2,49899192.20250003,-0.0020161559499993764,125,61,64,0.986954390261286,0.037616287375562885,151733.13149999996,881704.6659999999,-100807.79749999719,40,2803,157,157
PULLBACK|LEGACY_R,PULLBACK,LEGACY_R,5000000,0,5014013.989000001,0.0028027978000002562,53,34,19,1.071766941248495,0.012194598185556127,5473.371,32632.64,14013.989000000263,40,2803,157,106
PULLBACK|LEGACY_R,PULLBACK,LEGACY_R,5000000,1,4993705.816999998,-0.0012588366000003681,52,34,18,0.9694142887040426,0.013265052683566148,5309.739,31584.444000000003,-6294.183000000034,40,2803,157,106
PULLBACK|LEGACY_R,PULLBACK,LEGACY_R,5000000,2,4948517.586999998,-0.010296482600000267,52,31,21,0.7839576229659198,0.01782683088359982,5311.164,31471.249,-51482.413000000175,40,2803,157,106
PULLBACK|LEGACY_R,PULLBACK,LEGACY_R,10000000,0,10075000.192999994,0.007500019299999439,70,44,26,1.1279466391282538,0.025299460074270086,15852.837,93666.97000000002,75000.19300000029,40,2803,157,106
PULLBACK|LEGACY_R,PULLBACK,LEGACY_R,10000000,1,10002478.861499997,0.0002478861499997098,69,43,26,1.0039892262760826,0.022166899376096838,15418.045499999998,90753.09300000001,2478.8615000000573,40,2803,157,106
PULLBACK|LEGACY_R,PULLBACK,LEGACY_R,10000000,2,9836535.500999996,-0.016346449900000337,68,40,28,0.7660248234531901,0.026885093547469596,15084.626999999999,88479.872,-163464.49900000004,40,2803,157,106
PULLBACK|LEGACY_R,PULLBACK,LEGACY_R,20000000,0,19940579.09400001,-0.002971045299999364,84,51,33,0.9614628094589529,0.02636217052995138,37068.936,219171.97,-59420.906000001705,40,2803,157,106
PULLBACK|LEGACY_R,PULLBACK,LEGACY_R,20000000,1,19724632.54099998,-0.013768372950001107,82,49,33,0.8346461038317241,0.026553511108927563,36232.281,213615.178,-275367.4590000003,40,2803,157,106
PULLBACK|LEGACY_R,PULLBACK,LEGACY_R,20000000,2,19334442.439499978,-0.03327787802500115,81,45,36,0.6378323450046474,0.03824341977639656,35365.5285,208382.032,-665557.5604999998,40,2803,157,106
PULLBACK|LEGACY_R,PULLBACK,LEGACY_R,50000000,0,49789576.86250005,-0.004208462749998976,90,53,37,0.9516876046964041,0.027937674564216808,103136.9775,608136.16,-210423.13750000042,40,2803,157,106
PULLBACK|LEGACY_R,PULLBACK,LEGACY_R,50000000,1,49189425.33599999,-0.016211493280000266,88,51,37,0.8269151933295998,0.02816000421080933,100425.96899999998,590588.6950000001,-810574.6639999993,40,2803,157,106
PULLBACK|LEGACY_R,PULLBACK,LEGACY_R,50000000,2,48249113.776500024,-0.03501772446999951,87,47,40,0.6559153570241314,0.039714079485531295,97868.62949999997,575247.594,-1750886.2235000043,40,2803,157,106
PULLBACK|TRAIL_AVG,PULLBACK,TRAIL_AVG,5000000,0,5052003.656,0.010400731200000068,54,33,21,1.2416491938895233,0.0207373251441344,5846.558999999999,34989.78500000001,52003.656000000265,40,2803,157,106
PULLBACK|TRAIL_AVG,PULLBACK,TRAIL_AVG,5000000,1,5036065.2694999995,0.007213053899999933,52,31,21,1.1674116164889836,0.014053614635659795,5447.0265,32337.704,36065.26950000036,40,2803,157,106
PULLBACK|TRAIL_AVG,PULLBACK,TRAIL_AVG,5000000,2,5013140.723999998,0.002628144799999621,52,30,22,1.0543120422597456,0.015543890240415137,5406.843000000001,32052.433,13140.723999999449,40,2803,157,106
PULLBACK|TRAIL_AVG,PULLBACK,TRAIL_AVG,10000000,0,10315136.433999984,0.03151364339999829,71,43,28,1.5573657976720738,0.02475608104509286,15992.645999999997,94330.92000000003,315136.4339999993,40,2803,157,106
PULLBACK|TRAIL_AVG,PULLBACK,TRAIL_AVG,10000000,1,10167691.00549999,0.016769100549999028,69,39,30,1.2586613911041802,0.02280152285727466,15796.429499999998,92982.56499999999,167691.0055000004,40,2803,157,106
PULLBACK|TRAIL_AVG,PULLBACK,TRAIL_AVG,10000000,2,10113983.428499987,0.011398342849998633,68,38,30,1.1594066963607446,0.027601714120795595,15599.671499999999,91706.90000000001,113983.42849999922,40,2803,157,106
PULLBACK|TRAIL_AVG,PULLBACK,TRAIL_AVG,20000000,0,20801118.991000015,0.0400559495500008,85,50,35,1.5242910763075543,0.027541501150664227,38022.35399999999,225118.655,801118.990999999,40,2803,157,106
PULLBACK|TRAIL_AVG,PULLBACK,TRAIL_AVG,20000000,1,20445165.7805,0.022258289024999822,83,47,36,1.2589693300690366,0.02567463292567085,37275.025499999996,220149.19400000002,445165.7805000007,40,2803,157,106
PULLBACK|TRAIL_AVG,PULLBACK,TRAIL_AVG,20000000,2,20304827.449999973,0.015241372499998684,82,45,37,1.163466730694667,0.029619734285941668,36811.992,217400.558,304827.4500000018,40,2803,157,106
PULLBACK|TRAIL_AVG,PULLBACK,TRAIL_AVG,50000000,0,52396862.295000024,0.04793724590000048,92,52,40,1.5462756206834927,0.032012898418235514,105468.48,623369.225,2396862.295000005,40,2803,157,106
PULLBACK|TRAIL_AVG,PULLBACK,TRAIL_AVG,50000000,1,51422858.657499984,0.028457173149999626,90,49,41,1.28952488734262,0.030451884081161062,103794.44249999999,611696.9,1422858.657500004,40,2803,157,106
PULLBACK|TRAIL_AVG,PULLBACK,TRAIL_AVG,50000000,2,51004116.86349999,0.02008233726999986,89,47,42,1.1893125548383445,0.03228950648346074,102586.83149999999,605186.3049999999,1004116.8635000003,40,2803,157,106
PULLBACK|TRAIL_P70,PULLBACK,TRAIL_P70,5000000,0,5074310.848499998,0.014862169699999761,54,33,21,1.3452685963981028,0.02064796010861869,5907.8115,35371.340000000004,74310.84850000018,40,2803,157,106
PULLBACK|TRAIL_P70,PULLBACK,TRAIL_P70,5000000,1,5058172.642000001,0.011634528400000121,52,31,21,1.2699452623017928,0.014259272318719485,5508.279,32719.079,58172.64200000027,40,2803,157,106
PULLBACK|TRAIL_P70,PULLBACK,TRAIL_P70,5000000,2,5016671.018999999,0.003334203799999935,52,29,23,1.0685795979832402,0.015764706071647372,5459.2080000000005,32369.773,16671.01899999933,40,2803,157,106
PULLBACK|TRAIL_P70,PULLBACK,TRAIL_P70,10000000,0,10302907.32149998,0.03029073214999789,71,42,29,1.5011081576093652,0.024784817482611743,16461.433499999996,97141.24500000002,302907.32149999926,40,2803,157,106
PULLBACK|TRAIL_P70,PULLBACK,TRAIL_P70,10000000,1,10191063.668,0.019106366799999996,69,38,31,1.2910894111366273,0.02275028271295798,15903.551999999998,93652.78,191063.6680000004,40,2803,157,106
PULLBACK|TRAIL_P70,PULLBACK,TRAIL_P70,10000000,2,10106565.04349999,0.010656504349998874,68,36,32,1.1464373517351174,0.027621466222582325,15702.226499999999,92322.73,106565.0434999989,40,2803,157,106
PULLBACK|TRAIL_P70,PULLBACK,TRAIL_P70,20000000,0,20744951.068499997,0.03724755342499986,85,50,35,1.4579890744282407,0.028229526840351404,39057.76649999999,231301.16499999998,744951.0684999994,40,2803,157,106
PULLBACK|TRAIL_P70,PULLBACK,TRAIL_P70,20000000,1,20468551.207999993,0.023427560399999603,83,46,37,1.2697256223885356,0.026272066407312278,37511.867999999995,221576.924,468551.2080000007,40,2803,157,106
PULLBACK|TRAIL_P70,PULLBACK,TRAIL_P70,20000000,2,20252501.66499997,0.012625083249998559,82,42,40,1.1327230789182776,0.02969418763549614,36988.827,218449.50799999997,252501.66500000143,40,2803,157,106
PULLBACK|TRAIL_P70,PULLBACK,TRAIL_P70,50000000,0,52359556.545000024,0.04719113090000038,91,52,39,1.5195276851867303,0.03300098755646541,107985.96,638357.495,2359556.545000006,40,2803,157,106
PULLBACK|TRAIL_P70,PULLBACK,TRAIL_P70,50000000,1,51568782.20649998,0.03137564412999949,89,48,41,1.322730591062284,0.03139261543073246,104150.50649999999,613737.287,1568782.2065000013,40,2803,157,106
PULLBACK|TRAIL_P70,PULLBACK,TRAIL_P70,50000000,2,50948215.92600002,0.018964318520000356,88,44,44,1.1789244823591765,0.0333158531595088,102773.03399999999,606051.04,948215.9259999992,40,2803,157,106
