universe,trade_year,period,cost_bps_side,portfolio_return_pct,closed_mdd_pct,accepted,opportunities,trades,wins,losses,win_rate_pct,avg_trade_pct,median_trade_pct,avg_win_pct,avg_loss_pct,payoff,pf,best_trade_pct,worst_trade_pct
KOSPI40_ROLLING,2019,Y2019,5.0,-3.297929181817627,4.823797982517986,14,17,14,4,10,28.571428571428573,-0.7301281136308042,-2.901444220506977,6.0959226403653535,-3.4605484152292676,1.7615481446635064,0.7046192578654026,14.54293401244582,-5.195034541017285
KOSDAQ40_ROLLING,2019,Y2019,5.0,-1.9185999866206949,2.3519349718335025,9,9,9,3,6,33.333333333333336,-3.5155825412227313,-3.7050800335824308,6.91726237927645,-8.732005001472324,0.7921734330328618,0.3960867165164309,8.41526349425077,-16.386021968843945
KR80_ROLLING,2019,Y2019,5.0,-5.149568645126723,6.716850464996993,23,26,23,7,16,30.434782608695652,-1.82008854181895,-3.2428729455496907,6.447925385612967,-5.4373446350704135,1.1858592416644684,0.5188134182282049,14.54293401244582,-16.386021968843945
KOSPI40_ROLLING,2020,Y2020,5.0,21.882544571701224,1.6407596180195938,21,29,21,13,8,61.904761904761905,11.451990762245543,6.996774836625419,20.990674685931985,-4.048370613744923,5.184968642610188,8.425574044241555,52.72677797227041,-8.312337067678444
KOSDAQ40_ROLLING,2020,Y2020,5.0,7.367447911146452,4.16762216771901,28,33,28,13,15,46.42857142857143,4.989702333039252,-1.105050715274597,18.593516326387075,-6.800269794528864,2.7342321537516687,2.3696678665847797,66.51529355246015,-11.75495195941828
KR80_ROLLING,2020,Y2020,5.0,24.501569578810887,4.747629617969762,41,62,41,21,20,51.21951219512195,7.412535083939836,0.16156843044445868,20.124492311727778,-5.935020005237503,3.3908044613107338,3.5603446843762705,66.51529355246015,-11.75495195941828
KOSPI40_ROLLING,2021,Y2021,5.0,1.801374666737754,3.2464761594570235,33,45,33,14,19,42.42424242424242,1.3447539860607425,-1.9777705132396073,8.725191435367416,-4.093463081849437,2.1314938625085516,1.5705744250063012,24.601815025551055,-8.370257668131021
KOSDAQ40_ROLLING,2021,Y2021,5.0,8.195439517704205,2.587982391155963,25,27,25,12,13,48.0,1.6924468070961038,-0.6875973777816902,8.116826160522495,-4.237749519143641,1.915362416739235,1.768026846220832,38.53962152140635,-9.914691776918549
KR80_ROLLING,2021,Y2021,5.0,-1.2545465334103834,7.02270732632927,52,72,52,21,31,40.38461538461539,0.6139382517842834,-1.9032611959678036,7.594028151476978,-4.114509744781734,1.8456702310908795,1.2502927371905956,24.601815025551055,-9.914691776918549
KOSPI40_ROLLING,2022,Y2022,5.0,-2.5100764333991,4.584261247706555,11,13,11,2,9,18.181818181818183,-2.3340220764183814,-3.6537067434661896,5.08355431146118,-3.9823723848360615,1.276514052482425,0.2836697894405389,8.141525669718108,-6.739366020235627
KOSDAQ40_ROLLING,2022,Y2022,5.0,-0.9474616121731394,1.7259906602880015,7,12,7,2,5,28.571428571428573,-1.1940176947748644,-4.776122577009357,11.906530350678413,-6.434236912956175,1.850496105715825,0.74019844228633,20.13672017746069,-10.030842566882248
KR80_ROLLING,2022,Y2022,5.0,-3.41791896711654,5.490763550518862,18,25,18,4,14,22.22222222222222,-1.8906870391125692,-3.8453022753600963,8.495042331069797,-4.858038287736101,1.7486569326790093,0.4996162664797169,20.13672017746069,-10.030842566882248
KOSPI40_ROLLING,2023,Y2023,5.0,1.6366085676186026,3.3099622630192616,12,18,12,3,9,25.0,-0.33904513737909675,-2.747664502183805,8.258263730141202,-3.2048147598858634,2.5768302847042905,0.8589434282347636,12.358447815719199,-5.295697305011792
KOSDAQ40_ROLLING,2023,Y2023,5.0,2.8636767472100644,2.612441497876483,14,15,14,7,7,50.0,4.985052019655792,-0.7992503748125934,16.575406202619945,-6.60530216330836,2.5094092280432356,2.5094092280432356,36.36772576850697,-13.278946845795325
KR80_ROLLING,2023,Y2023,5.0,4.411794108340827,4.006634209225712,25,33,25,9,16,36.0,2.5173000237753467,-2.457142215409147,15.039175761929016,-4.526255078936092,3.3226531646254487,1.8689924051018147,36.36772576850697,-13.278946845795325
KOSPI40_ROLLING,2024,Y2024,5.0,-15.06374185045557,15.06374185045557,29,32,29,2,27,6.896551724137931,-4.33099354222405,-4.891074870727897,7.593085737190797,-5.214258674032557,1.4562157752174814,0.10786783520129492,14.338078320484016,-11.07050944887128
KOSDAQ40_ROLLING,2024,Y2024,5.0,0.6101618382867491,2.7943137514090277,12,15,12,4,8,33.333333333333336,0.099746367612352,-4.9559324283882376,17.11826899547936,-8.409514946321154,2.0355833962775653,1.0177916981387827,32.969108131936565,-18.55395570420827
KR80_ROLLING,2024,Y2024,5.0,-14.152905342815647,14.152905342815647,40,47,40,6,34,15.0,-2.982672594735278,-4.5198029341934784,13.943207909383176,-5.969592683697357,2.3357050720497803,0.41218324800878475,32.969108131936565,-18.55395570420827
KOSPI40_ROLLING,2025,Y2025,5.0,14.179954106911353,5.759570759189902,38,44,38,18,20,47.36842105263158,5.155888581512157,-0.5185788058351737,16.625795790303723,-5.1670279064002544,3.217670988327702,2.895903889494932,55.645381729025004,-13.531889517426155
KOSDAQ40_ROLLING,2025,Y2025,5.0,5.1536283245409376,3.3722599251410967,22,25,22,8,14,36.36363636363637,3.0783105785069123,-4.820029228184919,24.839045627272995,-9.356395163645136,2.6547666267652605,1.5170095010087203,40.04767569267009,-19.407133914741003
KR80_ROLLING,2025,Y2025,5.0,12.298791437338675,6.392814572511263,55,69,55,22,33,40.0,3.406178577465123,-1.8525824806894797,18.935471929745855,-6.946683657388702,2.7258290234082443,1.8172193489388297,55.645381729025004,-19.407133914741003
KOSPI40_ROLLING,2026,Y2026,5.0,0.053023367516047415,8.134103671398119,22,34,22,8,14,36.36363636363637,-2.055389564842452,-4.529912563894128,13.224448518359281,-10.786725612386302,1.2259928539550282,0.700567345117159,33.888391000030715,-20.984642553482413
KOSDAQ40_ROLLING,2026,Y2026,5.0,-1.8987726555148021,3.5568588591745276,16,18,16,5,11,31.25,-0.6076835244824266,-7.892070174322141,23.155333767199583,-11.409055020701521,2.0295575510140544,0.922526159551843,42.0007853216249,-20.946861280103747
KR80_ROLLING,2026,Y2026,5.0,2.4325701316931125,5.242899394266464,25,52,25,11,14,44.0,0.20115390462448218,-3.761975317326649,15.382275819543697,-11.726870457097759,1.3117119248327231,1.030630798082854,42.0007853216249,-20.946861280103747
KOSPI40_ROLLING,2019,Y2019,20.0,-4.071334559895179,5.355800834892921,14,17,14,4,10,28.571428571428573,-1.0274919808529492,-3.1923038892020807,5.778111271685909,-3.7497332818684925,1.540939271501112,0.6163757086004449,14.1998195390042,-5.479023737588573
KOSDAQ40_ROLLING,2019,Y2019,20.0,-2.1790234018174037,2.4572105105469033,9,9,9,3,6,33.333333333333336,-3.804602552602016,-3.993532403379363,6.596990679416689,-9.005399168611367,0.7325594963531133,0.3662797481765567,8.090504517474173,-16.636488453676655
KR80_ROLLING,2019,Y2019,20.0,-6.156609700370586,7.610488089677481,23,26,23,7,16,30.434782608695652,-2.114187421972149,-3.5327098611765195,6.1290595892848145,-5.720607989397071,1.071400033116199,0.46873751448833706,14.1998195390042,-16.636488453676655
KOSPI40_ROLLING,2020,Y2020,20.0,20.99579449816149,1.7611427382103861,21,29,21,13,8,61.904761904761905,11.118135239387565,6.676264956425948,20.628245942560493,-4.33579465326845,4.757662110914389,7.7312009302358815,52.26928342268342,-8.586988354196912
KOSDAQ40_ROLLING,2020,Y2020,20.0,6.6306694256034415,4.368013526691383,28,33,28,12,16,42.857142857142854,4.675204658054923,-1.4012914981951896,19.76787784877022,-6.6443002349815465,2.9751632451366974,2.231372433852523,66.01649537027781,-12.019290859528786
KR80_ROLLING,2020,Y2020,20.0,23.15110705843417,5.028818663519208,41,62,41,19,22,46.34146341463415,7.090779789873809,-0.13846652245247393,21.85859661214818,-5.663243829363142,3.859730795770148,3.3334038690742185,66.01649537027781,-12.019290859528786
KOSPI40_ROLLING,2021,Y2021,20.0,0.3370749395392947,3.4518655365513795,33,45,33,14,19,42.42424242424242,1.0411747893184709,-2.271397055513047,8.399504066427347,-4.3807520464459655,1.9173657804352866,1.4127958382154742,24.228569076152517,-8.644735452927211
KOSDAQ40_ROLLING,2021,Y2021,20.0,7.3217850562867115,2.912622274314036,25,27,25,12,13,48.0,1.3878260931250457,-0.9850886462369424,7.792961155683166,-4.524606272313218,1.7223512249827193,1.5898626692148177,38.1246247370219,-10.184543194313134
KR80_ROLLING,2021,Y2021,20.0,-3.2295223157776776,7.702627166293019,52,72,52,21,31,40.38461538461539,0.3125482206855389,-2.197110931626167,7.2717291931610495,-4.401735663894645,1.6520140572746345,1.119106296863462,24.228569076152517,-10.184543194313134
KOSPI40_ROLLING,2022,Y2022,20.0,-2.967027411994494,4.927023931363095,11,13,11,2,9,18.181818181818183,-2.6265814636676486,-3.942313002453579,4.768775501962219,-4.269994122696508,1.11681078824313,0.24818017516514,7.8175866772586255,-7.01872915683317
KOSDAQ40_ROLLING,2022,Y2022,20.0,-1.1725813034780264,1.8004024093775328,7,12,7,2,5,28.571428571428573,-1.4899919762426201,-5.06136662844523,11.5713132500602,-6.714514066763748,1.723328469492257,0.6893313877969028,19.776849463129096,-10.300346053455211
KR80_ROLLING,2022,Y2022,20.0,-4.0897470989807,6.0450609459839715,18,25,18,4,14,22.22222222222222,-2.1845744407801377,-4.133334608067296,8.17004437601121,-5.143036959863379,1.588564196557561,0.45387548473073175,19.776849463129096,-10.300346053455211
KOSPI40_ROLLING,2023,Y2023,20.0,1.128262357712928,3.594508023596965,12,18,12,3,9,25.0,-0.6375804974622005,-3.038984819521567,7.933975047685767,-3.49476567917819,2.2702452112759324,0.756748403758644,12.021876991936864,-5.579384965293999
KOSDAQ40_ROLLING,2023,Y2023,20.0,2.4101637957932853,2.7722455402961144,14,15,14,7,7,50.0,4.670568274730455,-1.096407185628745,16.2262034389548,-6.885066889493895,2.3567241537935955,2.3567241537935955,35.95923491898485,-13.538720604393816
KR80_ROLLING,2023,Y2023,20.0,3.482649846766672,4.427950444262663,25,33,25,9,16,36.0,2.2102084539671525,-2.749332795083992,14.69457479149789,-4.812247610893888,3.0535782818474577,1.717637783539195,35.95923491898485,-13.538720604393816
KOSPI40_ROLLING,2024,Y2024,20.0,-16.122930988047223,16.122930988047223,29,32,29,2,27,6.896551724137931,-4.617570982015144,-5.175974581449349,7.270789601886019,-5.49819028452634,1.3223968661740095,0.097955323420297,13.995577494261058,-11.336898603182366
KOSDAQ40_ROLLING,2024,Y2024,20.0,0.22603363612700988,2.886367160451242,12,15,12,4,8,33.333333333333336,-0.20010339669380786,-5.240637857664598,16.76744008103565,-8.683875135558537,1.930870702225636,0.965435351112818,32.57079787461645,-18.797928122440734
KR80_ROLLING,2024,Y2024,20.0,-15.52526191623943,15.52526191623943,40,47,40,6,34,15.0,-3.2732889430449688,-4.805814793613633,13.601889921319106,-6.2512616838151,2.1758631472003858,0.38397584950595043,32.57079787461645,-18.797928122440734
KOSPI40_ROLLING,2025,Y2025,20.0,12.705140759107291,6.067551364826606,38,44,38,18,20,47.36842105263158,4.840893094003389,-0.8165763710673901,16.276442084138345,-5.4511009971180755,2.9858999297102518,2.687309936739227,55.17914447348397,-13.790905583790403
KOSDAQ40_ROLLING,2025,Y2025,20.0,4.761154383375454,3.4942817766360434,22,25,22,8,14,36.36363636363637,2.7695384961228764,-5.105141756819948,24.465089051298552,-9.62791896397751,2.541056810182319,1.4520324629613253,39.6281615173409,-19.64855062934161
KR80_ROLLING,2025,Y2025,20.0,10.635396455201462,6.749482598099544,55,69,55,22,33,40.0,3.096424363299755,-2.1465840249325963,18.57919956622952,-7.225425771986759,2.571363979443503,1.7142426529623356,55.17914447348397,-19.64855062934161
KOSPI40_ROLLING,2026,Y2026,20.0,-0.44134215117798137,8.341958291061879,22,34,22,8,14,36.36363636363637,-2.3487835984914867,-4.815894139820143,12.885283581045236,-11.053964843941044,1.165670758226446,0.6660975761293978,33.48732702193378,-21.22133382560505
KOSDAQ40_ROLLING,2026,Y2026,20.0,-2.1260018257231117,3.6705722260339413,16,18,16,5,11,31.25,-0.9054141756628686,-8.16798037440924,22.78642076648604,-11.674430058457828,1.9518229714330129,0.8871922597422787,41.57542058739663,-21.183665726398438
KR80_ROLLING,2026,Y2026,20.0,1.947657395516167,5.419678757469548,25,52,25,11,14,44.0,-0.09899962694557203,-4.05025725674748,15.036647089551316,-11.991293475621701,1.2539637296110564,0.985257216122973,41.57542058739663,-21.183665726398438
