market,side,signal_i,signal_time,break_i,retest_i,level,fight_low,fight_high,atr,volume_ratio,strength
SEMI,LONG,91,2023-09-29 09:30:00-04:00,85,89,156.63333129882812,156.6266632080078,158.44000244140625,1.4512399648275907,2.286739097832064,1.1291432660023064
SEMI,LONG,131,2023-10-06 14:30:00-04:00,127,128,158.10667419433594,158.3300018310547,160.3199920654297,1.142598663513845,1.2419488708013298,0.7844891173804367
SEMI,SHORT,165,2023-10-13 13:30:00-04:00,162,163,160.9883270263672,158.8433380126953,160.7899932861328,1.283138525914155,1.2256003428443418,0.4773749079083064
SEMI,SHORT,197,2023-10-20 10:30:00-04:00,194,195,155.18333435058594,154.0833282470703,155.74583435058594,1.5077187438400415,1.337716446747919,1.354559780529256
SEMI,SHORT,202,2023-10-20 15:30:00-04:00,197,199,154.0833282470703,152.51333618164062,154.33999633789062,1.3613746491766965,1.098666575169734,0.47885508920065367
SEMI,LONG,266,2023-11-03 09:30:00-04:00,263,264,154.4933319091797,154.47666931152344,155.46665954589844,1.3204182914377012,3.4863295030742867,2.0198886945391408
SEMI,LONG,315,2023-11-14 09:30:00-05:00,304,309,163.4766387939453,162.3633270263672,163.8766632080078,1.3471845788093593,4.616661087806511,4.595155473777655
SEMI,LONG,322,2023-11-15 09:30:00-05:00,316,317,168.8000030517578,168.40333557128906,169.86000061035156,1.1780648311693058,8.174395492334549,1.877137800885591
SEMI,LONG,430,2023-12-08 09:30:00-05:00,425,426,171.67999267578125,171.5466766357422,173.1233367919922,1.1500866942403534,5.335066956564709,2.3158320415585103
SEMI,LONG,451,2023-12-13 09:30:00-05:00,445,446,180.56333923339844,179.84666442871094,181.2100067138672,0.9881938471174357,5.071967570938572,1.6240207264815423
SEMI,LONG,455,2023-12-13 13:30:00-05:00,449,450,181.10667419433594,180.5366668701172,182.15333557128906,1.0824933775296313,1.2993950674732433,1.1844889263304748
SEMI,LONG,512,2023-12-26 14:30:00-05:00,509,510,192.7899932861328,192.6666717529297,193.2100067138672,1.061438172205157,1.1478353301273636,1.0750690762469601
SEMI,SHORT,535,2024-01-02 09:30:00-05:00,529,531,192.5466766357422,191.41551208496094,192.7866668701172,1.199869607697655,6.591637537485913,5.030640200197398
SEMI,SHORT,542,2024-01-03 09:30:00-05:00,539,540,185.57666015625,183.5433349609375,185.5933380126953,1.4811508066902555,6.029051658130078,2.49208757398959
SEMI,LONG,604,2024-01-16 15:30:00-05:00,599,601,188.31666564941406,186.76666259765625,188.1566619873047,1.262806726089411,1.7879542646453157,0.7807615679308568
SEMI,LONG,617,2024-01-18 14:30:00-05:00,612,615,189.7033233642578,189.80999755859375,192.32666015625,1.7088147246507903,1.076606418718466,0.5773458515309153
SEMI,LONG,724,2024-02-09 09:30:00-05:00,718,722,205.2899932861328,205.52667236328125,206.5066680908203,1.4272504421408785,1.853380721962917,1.9069831118312055
SEMI,LONG,731,2024-02-12 09:30:00-05:00,727,728,209.336669921875,209.1199951171875,210.14332580566406,1.2925030672473408,2.4175819328657755,1.8400322108766092
SEMI,LONG,794,2024-02-26 09:30:00-05:00,780,788,211.52333068847656,211.02667236328125,213.78001403808594,1.8519288598778634,3.0886716354908383,1.28437477114421
SEMI,LONG,829,2024-03-04 09:30:00-05:00,826,827,226.3733367919922,225.7033233642578,227.489990234375,1.7477165994062793,5.921624749641355,1.9459975214807257
SEMI,LONG,850,2024-03-07 09:30:00-05:00,845,846,231.3400115966797,228.1166534423828,232.27000427246094,2.3490612091337733,10.747038243817475,2.494211599590572
SEMI,LONG,857,2024-03-08 09:30:00-05:00,852,853,237.5800018310547,236.77999877929688,238.35000610351562,2.0330458546185084,5.241522710388151,1.668947336953578
SEMI,SHORT,890,2024-03-14 14:30:00-04:00,885,886,222.80999755859375,219.7498016357422,222.77999877929688,2.1810468077736425,1.5712872005132068,1.0050930546798615
SEMI,SHORT,1046,2024-04-17 09:30:00-04:00,1035,1040,217.63999938964844,215.16000366210938,217.99000549316406,1.8908249885372062,3.0221193135385453,1.4918529954957873
SEMI,SHORT,1053,2024-04-18 09:30:00-04:00,1048,1051,213.20799255371094,209.89999389648438,212.8300018310547,2.0825971712109537,3.7157934940363817,1.7826715826544883
SEMI,SHORT,1064,2024-04-19 13:30:00-04:00,1061,1062,203.24000549316406,200.47999572753906,202.97500610351562,2.006573201313593,1.1113341425793979,0.7641474137087284
SEMI,LONG,1088,2024-04-25 09:30:00-04:00,1081,1083,206.85000610351562,206.74000549316406,209.3699951171875,2.164707931886048,3.092019063404782,1.9701105967149806
SEMI,LONG,1184,2024-05-14 14:30:00-04:00,1179,1180,222.4199981689453,221.77000427246094,223.75,1.1102052067434076,1.0540614755883473,0.47745608881195767
SEMI,LONG,1193,2024-05-16 09:30:00-04:00,1190,1191,229.75,229.82000732421875,230.80999755859375,1.1499875378753832,2.2114308098126125,0.819754255625105
SEMI,SHORT,1263,2024-05-31 09:30:00-04:00,1257,1258,236.8000030517578,234.6999969482422,238.16000366210938,1.927071582058535,1.8267089565113532,2.1085874894708265
SEMI,LONG,1290,2024-06-05 15:30:00-04:00,1286,1287,240.25,240.0500030517578,242.36000061035156,1.8828863604216772,4.081880707634452,1.2496174121723773
SEMI,LONG,1347,2024-06-18 09:30:00-04:00,1343,1344,254.05999755859375,254.19000244140625,256.5,1.6838861708227342,2.2979335649833317,2.2625095430245366
SEMI,SHORT,1368,2024-06-24 09:30:00-04:00,1361,1362,250.82000732421875,248.8300018310547,252.69000244140625,2.2104834952874532,2.6696020429116176,2.29679963959134
SEMI,SHORT,1372,2024-06-24 13:30:00-04:00,1368,1369,246.97000122070312,244.22999572753906,247.1199951171875,2.0532946365850546,1.3081863216985927,0.6893082826267165
SEMI,LONG,1446,2024-07-10 14:30:00-04:00,1441,1442,262.0799865722656,261.9599914550781,264.7699890136719,1.5781752619530085,1.1549160374558702,0.461025438019975
SEMI,SHORT,1482,2024-07-17 15:30:00-04:00,1479,1480,247.3000030517578,244.10000610351562,247.6999969482422,2.6806367011189347,3.7764501227771503,1.3730457020089988
SEMI,SHORT,1490,2024-07-19 09:30:00-04:00,1484,1486,242.78500366210938,240.0,245.2100067138672,3.032503105141103,1.4450851290236766,0.6333871263852588
SEMI,SHORT,1496,2024-07-19 15:30:00-04:00,1493,1494,237.60000610351562,236.41000366210938,238.9199981689453,2.727934502415182,1.647940441857259,0.5566466011332434
SEMI,SHORT,1516,2024-07-24 14:30:00-04:00,1513,1514,234.33999633789062,232.1999969482422,234.3300018310547,2.4318858244847648,1.454841822469491,1.0976364963944198
SEMI,SHORT,1524,2024-07-25 15:30:00-04:00,1517,1520,230.42999267578125,226.48500061035156,232.05499267578125,3.1042660919702914,2.0517399102000726,1.3040286526405929
SEMI,SHORT,1560,2024-08-02 09:30:00-04:00,1556,1557,219.83999633789062,215.58999633789062,219.8000030517578,3.97111731081504,4.42621984513628,3.082534552970566
SEMI,LONG,1609,2024-08-13 09:30:00-04:00,1602,1603,213.6750030517578,211.85000610351562,215.5500030517578,2.6731130679468253,1.8164115264801401,1.2002812397891247
SEMI,LONG,1615,2024-08-13 15:30:00-04:00,1612,1613,220.16000366210938,219.42999267578125,221.47799682617188,2.370381824348705,3.170623630868203,1.1189671966631558
SEMI,SHORT,1713,2024-09-03 15:30:00-04:00,1709,1710,217.35000610351562,213.75619506835938,217.33999633789062,2.7037274672596454,3.374864280897936,1.0984528131694826
SEMI,LONG,1895,2024-10-09 15:30:00-04:00,1891,1892,234.38999938964844,233.14999389648438,234.9600067138672,1.5743270573985357,1.5303462014854026,0.6498487302884833
SEMI,SHORT,1922,2024-10-15 14:30:00-04:00,1918,1919,231.6719970703125,227.97000122070312,231.3300018310547,2.027923457924231,1.0787091540352216,1.1485571412123088
SEMI,SHORT,1930,2024-10-16 15:30:00-04:00,1922,1925,227.97000122070312,227.36500549316406,229.67999267578125,1.7303575170417844,2.114135301948445,0.736501691669096
SEMI,LONG,1992,2024-10-29 14:30:00-04:00,1989,1990,233.07000732421875,232.75,234.49000549316406,1.4089470175426968,1.7219346899537888,1.6388088434229915
SEMI,LONG,2036,2024-11-07 09:30:00-05:00,2032,2033,227.7899932861328,227.6649932861328,229.1699981689453,1.7495800631057172,3.0451210929326704,2.8555914106278424
SEMI,SHORT,2064,2024-11-13 09:30:00-05:00,2060,2061,221.50999450683594,221.1999969482422,223.19000244140625,1.670360381737542,1.8505385483744161,1.7243861274363308
SEMI,SHORT,2241,2024-12-19 15:30:00-05:00,2235,2236,213.9499969482422,212.11000061035156,215.1699981689453,2.07269922055274,1.769083943594763,0.6765417565941405
SEMI,SHORT,2281,2024-12-31 10:30:00-05:00,2273,2275,218.86000061035156,216.32000732421875,219.2899932861328,1.6806572981773413,1.0902540748717762,0.38722332123346204
SEMI,LONG,2298,2025-01-03 13:30:00-05:00,2295,2296,220.22000122070312,220.25999450683594,221.83999633789062,1.707689661992381,1.064333161575855,0.8408155818111083
SEMI,LONG,2301,2025-01-06 09:30:00-05:00,2296,2297,220.41000366210938,220.72999572753906,223.0399932861328,2.1390067390534586,6.3949263639740686,5.095363331815135
SEMI,LONG,2357,2025-01-17 09:30:00-05:00,2350,2354,224.63999938964844,223.5399932861328,226.41000366210938,2.1098173094837396,2.4951640669264896,1.6327397347262669
SEMI,LONG,2362,2025-01-17 14:30:00-05:00,2357,2358,227.7899932861328,228.1300048828125,229.74000549316406,1.7048154751192983,1.3879700872349754,0.47438172637945164
SEMI,LONG,2366,2025-01-21 11:30:00-05:00,2362,2363,229.74000549316406,229.69000244140625,232.0,1.6711475537795595,2.5480654006296333,1.8247357210478818
SEMI,LONG,2371,2025-01-22 09:30:00-05:00,2367,2368,233.7100067138672,232.49000549316406,234.5800018310547,1.7928420231242939,2.757023084910432,2.0345549513395045
SEMI,SHORT,2392,2025-01-27 09:30:00-05:00,2388,2389,231.2100067138672,229.7100067138672,231.1199951171875,2.2870493051219944,13.104211477103627,6.116854876473338
SEMI,LONG,2489,2025-02-13 15:30:00-05:00,2483,2486,221.1699981689453,220.77000427246094,222.70590209960938,1.3040913264138303,1.9906837237837716,0.7625609137863725
SEMI,LONG,2497,2025-02-18 09:30:00-05:00,2490,2491,222.99000549316406,221.9199981689453,223.75,1.3605082824111523,3.6048593942424327,2.242184603544753
SEMI,LONG,2505,2025-02-19 10:30:00-05:00,2502,2503,226.8000030517578,226.25999450683594,228.5399932861328,1.3911787408968272,2.558432016774465,1.7369608897458053
SEMI,SHORT,2525,2025-02-24 09:30:00-05:00,2522,2523,224.4949951171875,223.24249267578125,224.61000061035156,1.8783827833588995,3.044493214215468,1.8105331184709996
SEMI,SHORT,2556,2025-02-28 12:30:00-05:00,2552,2554,207.0303955078125,207.00999450683594,210.02000427246094,2.695305407142381,1.4408970168935293,1.1629661100768383
SEMI,SHORT,2602,2025-03-11 09:30:00-04:00,2598,2599,195.0800018310547,191.56080627441406,195.4199981689453,3.0498080803340804,1.4349666088196102,0.7933584759086236
SEMI,LONG,2630,2025-03-17 09:30:00-04:00,2624,2625,200.47000122070312,200.0,201.7050018310547,2.349417445926555,1.2811195757299403,0.6739103464332432
SEMI,LONG,2634,2025-03-17 13:30:00-04:00,2630,2631,201.7050018310547,201.72000122070312,203.5050048828125,2.159270999614849,1.2928159601125524,1.2159221342456576
SEMI,SHORT,2686,2025-03-27 09:30:00-04:00,2681,2682,198.94000244140625,196.44000244140625,198.75,1.7795611119395254,2.2643463995219335,1.1762343637088328
SEMI,SHORT,2700,2025-03-31 09:30:00-04:00,2695,2696,189.16000366210938,187.4499969482422,189.6999969482422,2.029235985157932,2.6340939931672405,2.8295004968117077
SEMI,SHORT,2707,2025-04-01 09:30:00-04:00,2700,2705,187.4499969482422,186.22000122070312,188.3000030517578,2.0458742094086113,1.674332690205796,1.4232688152040565
SEMI,SHORT,2727,2025-04-03 15:30:00-04:00,2724,2725,172.82000732421875,171.0,173.60000610351562,2.8382810507073173,4.071769832151764,1.2254883777238852
SEMI,LONG,2861,2025-05-02 09:30:00-04:00,2854,2855,184.7899932861328,183.47000122070312,187.35000610351562,2.173051338748956,3.137631762030319,2.0354104203057366
SEMI,LONG,2910,2025-05-13 09:30:00-04:00,2906,2907,208.3300018310547,206.50999450683594,209.05999755859375,2.301425416291039,2.1767495878388083,1.8726980974159169
SEMI,SHORT,2960,2025-05-22 10:30:00-04:00,2957,2958,208.10000610351562,206.63999938964844,209.47000122070312,1.8614315422396872,1.7860893641397746,0.692058955578953
SEMI,LONG,3014,2025-06-03 15:30:00-04:00,3010,3011,212.60000610351562,212.02000427246094,213.8000030517578,1.6093281342726786,1.94965798667714,0.6871671176099362
SEMI,LONG,3022,2025-06-05 09:30:00-04:00,3019,3020,217.3249969482422,216.52999877929688,217.6199951171875,1.5840595979704961,1.9648032331094993,0.7022888206353279
SEMI,LONG,3036,2025-06-09 09:30:00-04:00,3024,3030,219.41000366210938,217.2100067138672,220.19000244140625,2.0186046107746987,1.6293206354526866,2.049094366031939
SEMI,LONG,3050,2025-06-11 09:30:00-04:00,3045,3047,226.24000549316406,226.07000732421875,227.86500549316406,1.700341145753744,1.5468978673153204,1.2213715567922523
SEMI,LONG,3113,2025-06-25 09:30:00-04:00,3107,3108,233.66000366210938,233.4499969482422,235.36000061035156,1.8032348322509202,1.0783991506075272,0.6312033111951225
SEMI,LONG,3119,2025-06-25 15:30:00-04:00,3113,3114,235.36000061035156,235.08999633789062,236.99000549316406,1.5474927708031663,1.1427113351356526,0.5230700132417625
SEMI,SHORT,3242,2025-07-23 09:30:00-04:00,3235,3237,244.8800048828125,242.44000244140625,244.50999450683594,1.6793518943724608,3.3861284325653354,2.170092072111488
SEMI,SHORT,3288,2025-07-31 13:30:00-04:00,3285,3286,243.1699981689453,240.60000610351562,243.5500030517578,2.0839897694127694,1.3774142949881674,0.9245920247066064
SEMI,SHORT,3291,2025-08-01 09:30:00-04:00,3287,3288,241.61749267578125,237.66000366210938,241.3800048828125,2.3648701642847363,3.691762841024076,1.6850314238991384
SEMI,LONG,3340,2025-08-12 09:30:00-04:00,3333,3337,243.3699951171875,241.9499969482422,244.625,1.772226350377106,2.826119483490047,2.406300428712597
SEMI,LONG,3347,2025-08-13 09:30:00-04:00,3344,3345,249.52999877929688,249.1699981689453,250.3800048828125,1.6588613892024446,1.6789483621337153,1.8677745228838765
SEMI,SHORT,3382,2025-08-20 09:30:00-04:00,3378,3379,246.24000549316406,244.72999572753906,246.4600067138672,1.8292189428804337,5.808890369815307,4.162545645963412
SEMI,LONG,3429,2025-08-28 14:30:00-04:00,3424,3425,251.65989685058594,251.5399932861328,252.96099853515625,1.200974337449706,1.1724469200200125,0.4982265968538459
SEMI,SHORT,3438,2025-09-02 09:30:00-04:00,3435,3436,244.55999755859375,244.22999572753906,245.44000244140625,1.8917359974734889,3.0975779457519557,2.675708541349855
SEMI,LONG,3507,2025-09-15 15:30:00-04:00,3501,3502,256.510009765625,256.4100036621094,257.7200012207031,1.0791800626038437,1.2841463958746782,0.4836443017969843
SEMI,LONG,3590,2025-10-01 14:30:00-04:00,3587,3588,273.4150085449219,273.1600036621094,274.9700012207031,1.5763896038151475,2.3223122584186098,0.7931341401466632
SEMI,SHORT,3639,2025-10-10 14:30:00-04:00,3636,3637,279.3450012207031,276.0400085449219,279.7349853515625,2.826387366889921,2.46373624883708,1.3855704763850731
SEMI,SHORT,3844,2025-11-21 09:30:00-05:00,3841,3842,272.7300109863281,267.010009765625,273.4599914550781,4.798651143649995,3.4053934028138673,1.8731625442184596
SEMI,LONG,3882,2025-12-02 09:30:00-05:00,3876,3877,296.5199890136719,296.7300109863281,299.4200134277344,2.8727074672097013,2.961101565021754,2.038303101229955
SEMI,LONG,3887,2025-12-02 14:30:00-05:00,3878,3884,298.4800109863281,298.69000244140625,303.7300109863281,2.804291576564826,7.475067311204875,1.071312730503615
SEMI,SHORT,3943,2025-12-12 14:30:00-05:00,3939,3940,303.9800109863281,299.6400146484375,304.5299987792969,3.105238111414024,1.6174848266829007,0.7517068754499883
SEMI,LONG,3980,2025-12-22 09:30:00-05:00,3973,3974,298.17999267578125,298.1400146484375,301.69000244140625,3.0163145818283037,1.5205564170308357,1.1864854257101605
SEMI,LONG,4074,2026-01-13 09:30:00-05:00,4070,4071,330.6700134277344,330.3599853515625,331.3800048828125,2.0556271845892162,1.6817870349026307,1.1857108118926534
SEMI,LONG,4144,2026-01-28 09:30:00-05:00,4138,4139,351.5799865722656,350.70001220703125,353.20001220703125,2.7317082073028587,3.6239848249461404,2.623525362898341
SEMI,SHORT,4165,2026-02-03 12:30:00-05:00,4162,4163,347.7200012207031,344.0400085449219,349.75,3.7860945094604292,1.0367913009926077,1.1709858993139552
SEMI,SHORT,4176,2026-02-05 09:30:00-05:00,4171,4174,330.3999938964844,328.32501220703125,334.2449951171875,4.928418095262833,3.403855001573964,1.6766921775289019
SEMI,LONG,4190,2026-02-09 09:30:00-05:00,4185,4186,346.4700012207031,346.31500244140625,349.5400085449219,4.483488474133332,1.788531476457296,0.8638218056998033
SEMI,LONG,4267,2026-02-25 09:30:00-05:00,4260,4264,361.3299865722656,361.44000244140625,363.70001220703125,3.035772620935943,5.927591028140446,2.4395001414302926
SEMI,SHORT,4295,2026-03-03 09:30:00-05:00,4288,4289,348.3399963378906,345.44000244140625,352.3299865722656,4.5124501462484545,16.07482240426283,4.166349526685481
SEMI,SHORT,4321,2026-03-06 14:30:00-05:00,4312,4319,330.8900146484375,328.94000244140625,333.3599853515625,4.131286789163106,1.8744510548991329,2.0166351837882424
SEMI,SHORT,4420,2026-03-26 15:30:00-04:00,4417,4418,332.760009765625,329.75,332.94000244140625,3.3561346842425896,2.6317842515750947,1.1841617284732535
SEMI,SHORT,4428,2026-03-30 09:30:00-04:00,4421,4423,328.5299987792969,322.1700134277344,328.1199951171875,3.708643500119808,2.961158631615223,2.4188508043987595
SEMI,SHORT,4433,2026-03-30 14:30:00-04:00,4429,4430,315.6600036621094,309.6099853515625,316.0150146484375,3.695864240503518,1.141821172512977,0.9515115102271452
SEMI,LONG,4483,2026-04-09 15:30:00-04:00,4479,4480,375.7080078125,375.0799865722656,378.0400085449219,3.536699883133095,1.0100128087025775,0.4384566018145006
SEMI,LONG,4497,2026-04-13 15:30:00-04:00,4494,4495,389.6000061035156,388.8399963378906,392.29998779296875,2.9977422562045826,1.3475521181302492,0.7427399249740216
SEMI,LONG,4518,2026-04-16 15:30:00-04:00,4513,4516,402.55999755859375,402.82000732421875,405.9599914550781,2.8640041298152163,1.2966011078570006,0.45314920730204955
SEMI,LONG,4525,2026-04-17 15:30:00-04:00,4521,4523,414.94000244140625,412.8500061035156,414.6600036621094,2.916225918776541,1.021826353689943,0.6663660187119209
SEMI,LONG,4547,2026-04-23 09:30:00-04:00,4543,4545,428.8500061035156,428.32000732421875,432.1600036621094,3.6852732357244857,4.128626314737779,3.5452671437993093
SEMI,LONG,4589,2026-05-01 09:30:00-04:00,4583,4584,456.7950134277344,455.79998779296875,462.1400146484375,4.706904855381147,1.971142923622318,0.7653946895791189
SEMI,LONG,4610,2026-05-06 09:30:00-04:00,4604,4605,480.32501220703125,480.7950134277344,486.1807861328125,5.455449544339857,5.418650889788526,1.6395856595433131
SEMI,LONG,4631,2026-05-11 09:30:00-04:00,4626,4627,512.239990234375,512.6699829101562,520.4299926757812,6.234323866063081,2.4976085364047975,1.1373044992934809
SEMI,SHORT,4673,2026-05-19 09:30:00-04:00,4667,4668,497.2900085449219,486.94000244140625,499.489990234375,8.597338929643689,5.091840293996846,1.6176326886782186
SEMI,LONG,4701,2026-05-26 09:30:00-04:00,4695,4696,537.75,535.9400024414062,541.8900146484375,7.337191853896737,3.3162533009394193,4.551767226142989
SEMI,LONG,4741,2026-06-02 14:30:00-04:00,4737,4739,594.9000244140625,594.47998046875,599.4299926757812,6.389966490616689,1.329679294418946,0.6028547382485875
SEMI,SHORT,4760,2026-06-05 12:30:00-04:00,4757,4758,577.5399780273438,558.5499877929688,576.97998046875,10.800598786389292,2.987637173325064,1.2069755262960002
SEMI,SHORT,4763,2026-06-05 15:30:00-04:00,4760,4761,558.5499877929688,541.6300048828125,559.6849975585938,10.874017968004768,3.1574569860326376,1.179327660922474
SEMI,LONG,4799,2026-06-15 09:30:00-04:00,4792,4793,588.0,586.3200073242188,602.6900024414062,12.418327098207078,2.071088242246615,2.322629265357116
SEMI,LONG,4827,2026-06-22 09:30:00-04:00,4820,4821,629.7199096679688,630.9500122070312,644.3900146484375,10.2021548887136,1.8730187462056922,1.348697791588878
SEMI,SHORT,4897,2026-07-07 09:30:00-04:00,4884,4892,587.010009765625,580.75,592.8800048828125,12.279757070419535,2.434452001218745,4.001285124771489
SEMI,SHORT,4953,2026-07-17 09:30:00-04:00,4948,4949,532.6799926757812,525.4299926757812,531.989990234375,11.076955396958015,5.651854689243493,1.4879470999046434
SEMI,SHORT,5002,2026-07-28 09:30:00-04:00,4996,4998,506.5249938964844,503.96099853515625,518.8098754882812,10.989159978425924,4.949655740225519,2.8414503448278317
SEMI,SHORT,5009,2026-07-29 09:30:00-04:00,5002,5004,500.0,489.6300048828125,498.4599914550781,10.778001113933547,2.8590496766095956,2.383245446580195
