strategy,scheme,ticker,setup_id,touch_date,activation_date,repeat_touch,entry_time,mrs_v2,regime_v2,planned_seed,reserved_risk,structural_stop,active_stop,first_entry,R,target1,target2,box_low,box_high,breakout_high,breakout_volume_ok,had_failed_break,shares,cash_out,cash_in,buy_notional,sell_notional,fees,partial_taken,added20,added60,pending20,pending60,entry_i,bars_held,last_mark,mfe_R,mae_R,exit_time,exit_price,exit_reason,status,pnl,actual_capital_used,fill_count,fill_detail,event_detail
DORO_AGG_BULL_REPLAY,A,QCOM,DAGG|QCOM|4029,2026-01-02,2026-01-02,0,2026-01-02 19:30:00+00:00,3.0,ALL_BULL_CONTROL,1000.0,15.158765301810941,170.7517780807671,173.3800048828125,173.3800048828125,2.62822680204539,176.0082316848579,178.63645848690328,171.00999450683594,174.67999267578125,174.67999267578125,1,0,0.0,200.6,203.93398670177163,200.0,204.54762959054327,1.2136428887716297,True,False,False,False,False,4030,4,177.4499969482422,2.0812515938297844,-0.21687904703473376,2026-01-05 15:30:00+00:00,178.63645848690328,target2,WIN,3.333986701771636,200.0,1,"[{""time"": ""2026-01-02 19:30:00+00:00"", ""price"": 173.3800048828125, ""fraction"": 0.2, ""shares"": 1.1535355540864123, ""reason"": ""starter20""}]","[{""time"": ""2026-01-05 14:30:00+00:00"", ""price"": 176.0082316848579, ""shares"": 0.5767677770432061, ""reason"": ""target1_partial""}, {""time"": ""2026-01-05 15:30:00+00:00"", ""price"": 178.63645848690328, ""shares"": 0.5767677770432061, ""reason"": ""target2""}]"
DORO_AGG_BULL_REPLAY,A,WMT,DAGG|WMT|4051,2026-01-07,2026-01-07,0,2026-01-07 20:30:00+00:00,3.0,ALL_BULL_CONTROL,1001.2997026757951,17.202226786156693,111.81543970223808,111.81543970223808,113.7699966430664,1.9545569408283257,115.72455358389473,117.67911052472306,111.98999786376953,114.77999877929688,114.77999877929688,1,0,0.0,401.721440713529,389.18288110244623,400.51988107031804,390.35394293123994,2.372621472004674,False,True,False,False,False,4052,1,110.5,0.0,-0.642087844668322,2026-01-08 14:30:00+00:00,110.5,gap_stop,LOSS,-12.538559611082746,400.51988107031804,2,"[{""time"": ""2026-01-07 20:30:00+00:00"", ""price"": 113.7699966430664, ""fraction"": 0.2, ""shares"": 1.760217512912827, ""reason"": ""starter20""}, {""time"": ""2026-01-07 20:30:00+00:00"", ""price"": 112.98817386673508, ""fraction"": 0.2, ""shares"": 1.7723973552431904, ""reason"": ""adverse20""}]","[{""time"": ""2026-01-08 14:30:00+00:00"", ""price"": 110.5, ""shares"": 3.5326148681560174, ""reason"": ""gap_stop""}]"
DORO_AGG_BULL_REPLAY,A,NVDA,DAGG|NVDA|4032,2026-01-05,2026-01-05,0,2026-01-05 15:30:00+00:00,3.0,ALL_BULL_CONTROL,1000.5917538353502,21.046359948727236,186.07209131674685,186.07209131674685,190.07000732421875,3.9979160074719005,194.06792333169065,198.06583933916255,186.49000549316406,192.92990112304688,192.92990112304688,1,0,0.0,1003.5935290968563,988.292900728335,1000.5917538353502,991.2667008308275,5.975575363998534,False,True,True,False,False,4033,21,189.0,0.5262713482546132,-0.9805142030017815,2026-01-08 14:30:00+00:00,186.07209131674685,stop,LOSS,-15.300628368521302,1000.5917538353502,3,"[{""time"": ""2026-01-05 15:30:00+00:00"", ""price"": 190.07000732421875, ""fraction"": 0.2, ""shares"": 1.0528665389364193, ""reason"": ""starter20""}, {""time"": ""2026-01-05 16:30:00+00:00"", ""price"": 188.47084092122998, ""fraction"": 0.2, ""shares"": 1.061800063017218, ""reason"": ""adverse20""}, {""time"": ""2026-01-05 18:30:00+00:00"", ""price"": 186.87167451824124, ""fraction"": 0.6, ""shares"": 3.212659456543839, ""reason"": ""support60""}]","[{""time"": ""2026-01-08 14:30:00+00:00"", ""price"": 186.07209131674685, ""shares"": 5.327326058497476, ""reason"": ""stop""}]"
DORO_AGG_BULL_REPLAY,A,JPM,DAGG|JPM|4060,2026-01-09,2026-01-09,0,2026-01-09 15:30:00+00:00,3.0,ALL_BULL_CONTROL,995.0989597444334,20.727787817955797,324.22280671812183,324.22280671812183,331.1199951171875,6.897188399065669,338.01718351625317,344.91437191531884,324.7101135253906,335.8158874511719,335.8158874511719,1,0,0.0,199.61685132473335,192.88808989565817,199.01979194888668,193.4684953818036,1.1774648619920707,False,False,False,False,False,4061,6,321.8840026855469,0.1130893828277241,-0.2783718232803879,2026-01-12 14:30:00+00:00,321.8840026855469,gap_stop,LOSS,-6.728761429075178,199.01979194888668,1,"[{""time"": ""2026-01-09 15:30:00+00:00"", ""price"": 331.1199951171875, ""fraction"": 0.2, ""shares"": 0.6010503590351017, ""reason"": ""starter20""}]","[{""time"": ""2026-01-12 14:30:00+00:00"", ""price"": 321.8840026855469, ""shares"": 0.6010503590351017, ""reason"": ""gap_stop""}]"
DORO_AGG_BULL_REPLAY,A,MSFT,DAGG|MSFT|4071,2026-01-12,2026-01-12,0,2026-01-12 19:30:00+00:00,3.0,ALL_BULL_CONTROL,993.7163462908902,15.63510764866265,471.61106011282436,471.61106011282436,479.1499938964844,7.538933783660013,486.6889276801444,494.2278614638044,472.2001037597656,485.5,485.5,1,0,0.0,199.3394990659526,195.0293989852602,198.74326925817806,195.61624772844553,1.1830785509598707,False,False,False,False,False,4072,3,474.67498779296875,0.20029487046269268,-0.3249772129267468,2026-01-13 14:30:00+00:00,471.61106011282436,stop,LOSS,-4.3101000806923935,198.74326925817806,1,"[{""time"": ""2026-01-12 19:30:00+00:00"", ""price"": 479.1499938964844, ""fraction"": 0.2, ""shares"": 0.41478299444811134, ""reason"": ""starter20""}]","[{""time"": ""2026-01-13 14:30:00+00:00"", ""price"": 471.61106011282436, ""shares"": 0.41478299444811134, ""reason"": ""stop""}]"
DORO_AGG_BULL_REPLAY,A,PLTR,DAGG|PLTR|4070,2026-01-12,2026-01-12,0,2026-01-12 18:30:00+00:00,3.0,ALL_BULL_CONTROL,993.7532074586185,27.869466973657147,173.83353696523048,173.83353696523048,178.84930419921875,5.015767233988271,183.86507143320702,188.8808386671953,174.3699951171875,185.66000366210938,185.66000366210938,1,0,0.0,996.7344670809944,978.4318175755003,993.7532074586186,981.3759454117355,5.925387458611063,False,True,True,False,False,4071,25,179.99000549316406,0.5479120809809596,-0.9747855626593449,2026-01-16 14:30:00+00:00,173.83353696523048,stop,LOSS,-18.30264950549406,993.7532074586186,3,"[{""time"": ""2026-01-12 18:30:00+00:00"", ""price"": 178.84930419921875, ""fraction"": 0.2, ""shares"": 1.1112743344549836, ""reason"": ""starter20""}, {""time"": ""2026-01-13 14:30:00+00:00"", ""price"": 176.84299730562344, ""fraction"": 0.2, ""shares"": 1.1238818868707539, ""reason"": ""adverse20""}, {""time"": ""2026-01-14 14:30:00+00:00"", ""price"": 174.83669041202813, ""fraction"": 0.6, ""shares"": 3.4103363720167463, ""reason"": ""support60""}]","[{""time"": ""2026-01-16 14:30:00+00:00"", ""price"": 173.83353696523048, ""shares"": 5.6454925933424835, ""reason"": ""stop""}]"
DORO_AGG_BULL_REPLAY,A,AVGO,DAGG|AVGO|4099,2026-01-16,2026-01-16,0,2026-01-16 19:30:00+00:00,3.0,ALL_BULL_CONTROL,989.230657541381,39.27518684495105,333.52083226812897,333.52083226812897,347.30999755859375,13.78916529046478,361.09916284905853,374.8883281395233,334.42010498046875,357.4700012207031,357.4700012207031,1,0,0.0,992.1983495140053,968.8037560973006,989.2306575413811,971.718912835808,5.882848711131567,False,True,True,False,False,4100,6,335.1600036621094,0.5214240521417307,-0.9036073752552826,2026-01-20 17:30:00+00:00,333.52083226812897,stop,LOSS,-23.39459341670465,989.2306575413811,3,"[{""time"": ""2026-01-16 19:30:00+00:00"", ""price"": 347.30999755859375, ""fraction"": 0.2, ""shares"": 0.5696528545075876, ""reason"": ""starter20""}, {""time"": ""2026-01-20 14:30:00+00:00"", ""price"": 341.79433144240784, ""fraction"": 0.2, ""shares"": 0.5788455609352702, ""reason"": ""adverse20""}, {""time"": ""2026-01-20 16:30:00+00:00"", ""price"": 336.2786653262219, ""fraction"": 0.6, ""shares"": 1.7650194785596658, ""reason"": ""support60""}]","[{""time"": ""2026-01-20 17:30:00+00:00"", ""price"": 333.52083226812897, ""shares"": 2.9135178940025237, ""reason"": ""stop""}]"
DORO_AGG_BULL_REPLAY,A,JPM,DAGG|JPM|4143,2026-01-27,2026-01-27,0,2026-01-28 14:30:00+00:00,3.0,ALL_BULL_CONTROL,984.55173885804,13.663481109037388,296.10288112022806,300.2699890136719,300.2699890136719,4.167107893443813,304.4370969071157,308.6042048005595,296.510009765625,302.3699951171875,302.3699951171875,1,0,0.0,395.0021576298457,401.9314232918907,393.82069554321606,403.1408458293789,2.390884624117785,True,True,False,False,False,4144,16,308.8550109863281,2.0841787111531276,-0.5327438783612715,2026-02-02 18:30:00+00:00,308.6042048005595,target2,WIN,6.9292656620449975,393.82069554321606,2,"[{""time"": ""2026-01-28 14:30:00+00:00"", ""price"": 300.2699890136719, ""fraction"": 0.2, ""shares"": 0.6557776500356228, ""reason"": ""starter20""}, {""time"": ""2026-01-28 14:30:00+00:00"", ""price"": 298.60314585629436, ""fraction"": 0.2, ""shares"": 0.6594382895964969, ""reason"": ""adverse20""}]","[{""time"": ""2026-01-29 14:30:00+00:00"", ""price"": 304.4370969071157, ""shares"": 0.6576079698160598, ""reason"": ""target1_partial""}, {""time"": ""2026-02-02 18:30:00+00:00"", ""price"": 308.6042048005595, ""shares"": 0.6576079698160598, ""reason"": ""target2""}]"
DORO_AGG_BULL_REPLAY,A,MU,DAGG|MU|4261,2026-02-24,2026-02-24,0,2026-02-24 15:30:00+00:00,3.0,ALL_BULL_CONTROL,991.4634162690571,33.22017114415644,409.8030457363773,409.8030457363773,424.010009765625,14.206964029247672,438.2169737948727,452.42393782412034,411.70001220703125,431.69500732421875,431.69500732421875,1,0,0.0,994.4378065178644,973.7525404862786,991.4634162690571,976.6825882510317,5.9044380135602665,False,True,True,False,False,4262,14,424.8399963378906,0.9065893871473435,-0.8960402067690912,2026-02-26 14:30:00+00:00,409.8030457363773,stop,LOSS,-20.685266031585797,991.4634162690571,3,"[{""time"": ""2026-02-24 15:30:00+00:00"", ""price"": 424.010009765625, ""fraction"": 0.2, ""shares"": 0.4676603822712095, ""reason"": ""starter20""}, {""time"": ""2026-02-24 18:30:00+00:00"", ""price"": 418.32722415392595, ""fraction"": 0.2, ""shares"": 0.4740133364613356, ""reason"": ""adverse20""}, {""time"": ""2026-02-24 18:30:00+00:00"", ""price"": 412.64443854222685, ""fraction"": 0.6, ""shares"": 1.4416238150767153, ""reason"": ""support60""}]","[{""time"": ""2026-02-26 14:30:00+00:00"", ""price"": 409.8030457363773, ""shares"": 2.3832975338092606, ""reason"": ""stop""}]"
DORO_AGG_BULL_REPLAY,A,QCOM,DAGG|QCOM|4251,2026-02-20,2026-02-20,0,2026-02-20 19:30:00+00:00,3.0,ALL_BULL_CONTROL,985.9375919904492,21.85990282283452,139.5752183155983,142.74000549316406,142.74000549316406,3.1647871775657563,145.90479267072982,149.06957984829558,139.89999389648438,144.47000122070312,144.47000122070312,1,0,0.0,988.8954047664206,1014.582750953163,985.9375919904492,1017.6356579269438,6.010719749752179,True,True,True,False,False,4252,26,145.0800018310547,1.3271024914454685,-0.9795306697052664,2026-02-26 16:30:00+00:00,145.0800018310547,time,TIME,25.68734618674239,985.9375919904492,3,"[{""time"": ""2026-02-20 19:30:00+00:00"", ""price"": 142.74000549316406, ""fraction"": 0.2, ""shares"": 1.3814453608629946, ""reason"": ""starter20""}, {""time"": ""2026-02-23 15:30:00+00:00"", ""price"": 141.47409062213777, ""fraction"": 0.2, ""shares"": 1.3938065799253427, ""reason"": ""adverse20""}, {""time"": ""2026-02-23 16:30:00+00:00"", ""price"": 140.20817575111147, ""fraction"": 0.6, ""shares"": 4.21917304055345, ""reason"": ""support60""}]","[{""time"": ""2026-02-24 14:30:00+00:00"", ""price"": 145.90479267072982, ""shares"": 3.4972124906708935, ""reason"": ""target1_partial""}, {""time"": ""2026-02-26 16:30:00+00:00"", ""price"": 145.0800018310547, ""shares"": 3.4972124906708935, ""reason"": ""time""}]"
DORO_AGG_BULL_REPLAY,A,JPM,DAGG|JPM|4270,2026-02-25,2026-02-25,0,2026-02-25 18:30:00+00:00,3.0,ALL_BULL_CONTROL,995.2193230459897,40.80061885751635,290.760240031689,290.760240031689,303.19000244140625,12.429762409717227,315.6197648511235,328.0495272608407,291.3800048828125,311.0,311.0,1,0,0.0,998.2049810151277,974.0883419217356,995.2193230459897,977.019400122102,5.916716169504275,False,True,True,False,False,4271,25,292.2850036621094,0.46823158258188724,-0.8029124497605877,2026-03-03 14:30:00+00:00,290.760240031689,stop,LOSS,-24.11663909339211,995.2193230459897,3,"[{""time"": ""2026-02-25 18:30:00+00:00"", ""price"": 303.19000244140625, ""fraction"": 0.2, ""shares"": 0.6564987730677718, ""reason"": ""starter20""}, {""time"": ""2026-02-27 14:30:00+00:00"", ""price"": 298.21809747751934, ""fraction"": 0.2, ""shares"": 0.6674439488844319, ""reason"": ""adverse20""}, {""time"": ""2026-03-02 14:30:00+00:00"", ""price"": 293.2461925136325, ""fraction"": 0.6, ""shares"": 2.0362808079761656, ""reason"": ""support60""}]","[{""time"": ""2026-03-03 14:30:00+00:00"", ""price"": 290.760240031689, ""shares"": 3.360223529928369, ""reason"": ""stop""}]"
DORO_AGG_BULL_REPLAY,A,NVDA,DAGG|NVDA|4370,2026-03-17,2026-03-17,0,2026-03-17 18:30:00+00:00,3.0,ALL_BULL_CONTROL,982.114680202802,19.16056815282493,179.45917468276875,179.45917468276875,183.02999877929688,3.5708240965281277,186.600822875825,190.17164697235313,179.94000244140625,188.8699951171875,188.8699951171875,1,0,0.0,394.0244096973642,382.4230094366561,392.84587208112083,383.57373062854174,2.329258808128988,False,True,False,False,False,4371,9,178.00999450683594,0.09801829887278178,-0.7561271222705606,2026-03-19 13:30:00+00:00,178.00999450683594,gap_stop,LOSS,-11.60140026070809,392.84587208112083,2,"[{""time"": ""2026-03-17 18:30:00+00:00"", ""price"": 183.02999877929688, ""fraction"": 0.2, ""shares"": 1.0731734543549505, ""reason"": ""starter20""}, {""time"": ""2026-03-18 13:30:00+00:00"", ""price"": 181.60166914068563, ""fraction"": 0.2, ""shares"": 1.0816141556958534, ""reason"": ""adverse20""}]","[{""time"": ""2026-03-19 13:30:00+00:00"", ""price"": 178.00999450683594, ""shares"": 2.154787610050804, ""reason"": ""gap_stop""}]"
DORO_AGG_BULL_REPLAY,A,QCOM,DAGG|QCOM|4385,2026-03-19,2026-03-19,0,2026-03-19 19:30:00+00:00,3.0,ALL_BULL_CONTROL,979.6768248226422,23.86476040953662,128.60889442222134,128.60889442222134,131.82000732421875,3.21111290199741,135.03112022621616,138.24223312821357,128.90049743652344,134.0500030517578,134.0500030517578,1,0,0.0,393.04634211884405,383.0532101494558,391.8707299290569,384.2058276323529,2.3282296726842295,False,True,False,False,False,4386,11,130.49000549316406,0.6695478988443581,-0.6352964243807583,2026-03-23 15:30:00+00:00,128.60889442222134,stop,LOSS,-9.99313196938823,391.8707299290569,2,"[{""time"": ""2026-03-19 19:30:00+00:00"", ""price"": 131.82000732421875, ""fraction"": 0.2, ""shares"": 1.4863856325133888, ""reason"": ""starter20""}, {""time"": ""2026-03-20 16:30:00+00:00"", ""price"": 130.5355621634198, ""fraction"": 0.2, ""shares"": 1.5010113850755358, ""reason"": ""adverse20""}]","[{""time"": ""2026-03-23 15:30:00+00:00"", ""price"": 128.60889442222134, ""shares"": 2.9873970175889246, ""reason"": ""stop""}]"
DORO_AGG_BULL_REPLAY,A,AVGO,DAGG|AVGO|4385,2026-03-19,2026-03-19,0,2026-03-19 19:30:00+00:00,3.0,ALL_BULL_CONTROL,979.7944001506603,40.06714160880797,307.6123329024267,307.6123329024267,320.7279968261719,13.11566392374516,333.84366074991703,346.9593246736622,308.510009765625,327.44000244140625,327.44000244140625,1,0,0.0,982.7337833511123,997.3767121146543,979.7944001506603,1000.3778456516092,5.940516737406808,False,True,True,False,False,4386,26,319.9100036621094,0.43856065492365637,-0.8240515662245861,2026-03-25 16:30:00+00:00,319.9100036621094,time,TIME,14.642928763542045,979.7944001506603,3,"[{""time"": ""2026-03-19 19:30:00+00:00"", ""price"": 320.7279968261719, ""fraction"": 0.2, ""shares"": 0.6109815231887531, ""reason"": ""starter20""}, {""time"": ""2026-03-20 13:30:00+00:00"", ""price"": 315.4817312566738, ""fraction"": 0.2, ""shares"": 0.6211417670670167, ""reason"": ""adverse20""}, {""time"": ""2026-03-20 19:30:00+00:00"", ""price"": 310.23546568717575, ""fraction"": 0.6, ""shares"": 1.8949369273053338, ""reason"": ""support60""}]","[{""time"": ""2026-03-25 16:30:00+00:00"", ""price"": 319.9100036621094, ""shares"": 3.1270602175611035, ""reason"": ""time""}]"
DORO_AGG_BULL_REPLAY,A,ORCL,DAGG|ORCL|4473,2026-04-08,2026-04-08,0,2026-04-08 17:30:00+00:00,3.0,ALL_BULL_CONTROL,980.63647772434,38.47505577059344,139.43586117238206,139.43586117238206,145.1300048828125,5.694143710430438,150.82414859324294,156.51829230367338,139.94000244140625,151.4600067138672,151.4600067138672,1,0,0.0,196.71567743150263,187.86698753757707,196.12729554486802,188.43228439074932,1.153678739806852,False,False,False,False,False,4474,4,142.1999969482422,0.0825411588826226,-0.39163236822478287,2026-04-09 13:30:00+00:00,139.43586117238206,stop,LOSS,-8.848689893925552,196.12729554486802,1,"[{""time"": ""2026-04-08 17:30:00+00:00"", ""price"": 145.1300048828125, ""fraction"": 0.2, ""shares"": 1.3513904013386762, ""reason"": ""starter20""}]","[{""time"": ""2026-04-09 13:30:00+00:00"", ""price"": 139.43586117238206, ""shares"": 1.3513904013386762, ""reason"": ""stop""}]"
DORO_AGG_BULL_REPLAY,A,NFLX,DAGG|NFLX|4460,2026-04-06,2026-04-06,0,2026-04-06 17:30:00+00:00,3.0,ALL_BULL_CONTROL,979.9171752699768,49.03621797547456,94.0079233290681,94.0079233290681,98.95999908447266,4.95207575540455,103.9120748398772,108.86415059528176,94.26399993896484,102.68499755859375,102.68499755859375,1,0,0.0,196.57138535915738,201.23997202972893,195.98343505399538,201.84550855539513,1.1934868308281716,False,False,False,False,False,4461,26,101.91999816894531,0.8319749030667758,-0.3069413147421112,2026-04-10 14:30:00+00:00,101.91999816894531,time,TIME,4.668586670571557,195.98343505399538,1,"[{""time"": ""2026-04-06 17:30:00+00:00"", ""price"": 98.95999908447266, ""fraction"": 0.2, ""shares"": 1.9804308495062042, ""reason"": ""starter20""}]","[{""time"": ""2026-04-10 14:30:00+00:00"", ""price"": 101.91999816894531, ""shares"": 1.9804308495062042, ""reason"": ""time""}]"
DORO_AGG_BULL_REPLAY,A,TSLA,DAGG|TSLA|4489,2026-04-10,2026-04-10,0,2026-04-10 18:30:00+00:00,3.0,ALL_BULL_CONTROL,977.0157114311787,30.194136222769696,336.1841782409513,346.90509033203125,346.90509033203125,10.720912091079924,357.6260024231112,368.3469145141911,337.25,364.5,364.5,1,0,0.0,195.98935171309446,203.84799900360747,195.40314228623575,204.46138315306666,1.1995935763179073,True,False,False,False,False,4490,17,366.7950134277344,2.8738138830085185,-0.17116855284536253,2026-04-15 13:30:00+00:00,368.3469145141911,target2,WIN,7.858647290513005,195.40314228623575,1,"[{""time"": ""2026-04-10 18:30:00+00:00"", ""price"": 346.90509033203125, ""fraction"": 0.2, ""shares"": 0.563275511752251, ""reason"": ""starter20""}]","[{""time"": ""2026-04-14 13:30:00+00:00"", ""price"": 357.6260024231112, ""shares"": 0.2816377558761255, ""reason"": ""target1_partial""}, {""time"": ""2026-04-15 13:30:00+00:00"", ""price"": 368.3469145141911, ""shares"": 0.2816377558761255, ""reason"": ""target2""}]"
DORO_AGG_BULL_REPLAY,A,ISRG,DAGG|ISRG|4480,2026-04-09,2026-04-09,0,2026-04-09 16:30:00+00:00,3.0,ALL_BULL_CONTROL,979.7207008267817,25.18203039726316,446.6663455627717,458.45001220703125,458.45001220703125,11.78366664425954,470.2336788512908,482.01734549555033,447.81500244140625,471.9798889160156,471.9798889160156,1,0,0.0,982.6598629292619,1017.0183469077894,979.7207008267817,1020.0785826557567,5.999397850447615,True,True,True,False,False,4481,26,470.6300048828125,1.3187727128138094,-0.868151764231358,2026-04-15 13:30:00+00:00,470.6300048828125,time,TIME,34.35848397852749,979.7207008267817,3,"[{""time"": ""2026-04-09 16:30:00+00:00"", ""price"": 458.45001220703125, ""fraction"": 0.2, ""shares"": 0.4274056820765663, ""reason"": ""starter20""}, {""time"": ""2026-04-10 13:30:00+00:00"", ""price"": 453.73654554932745, ""fraction"": 0.2, ""shares"": 0.43184562074040495, ""reason"": ""adverse20""}, {""time"": ""2026-04-10 13:30:00+00:00"", ""price"": 449.02307889162364, ""fraction"": 0.6, ""shares"": 1.30913631866559, ""reason"": ""support60""}]","[{""time"": ""2026-04-14 15:30:00+00:00"", ""price"": 470.2336788512908, ""shares"": 1.0841938107412807, ""reason"": ""target1_partial""}, {""time"": ""2026-04-15 13:30:00+00:00"", ""price"": 470.6300048828125, ""shares"": 1.0841938107412807, ""reason"": ""time""}]"
DORO_AGG_BULL_REPLAY,A,MA,DAGG|MA|4479,2026-04-09,2026-04-09,0,2026-04-09 16:30:00+00:00,3.0,ALL_BULL_CONTROL,979.6031343426826,18.7908199307747,494.7147680022543,504.3900146484375,504.3900146484375,9.675246646183211,514.0652612946208,523.7405079408039,495.6700134277344,511.82000732421875,511.82000732421875,1,0,0.0,982.5419437457106,1007.1607960063341,979.6031343426826,1010.1913701166841,5.9693835133781,True,True,True,False,False,4480,26,515.0,1.30332443323675,-0.9705194081167706,2026-04-15 13:30:00+00:00,515.0,time,TIME,24.6188522606235,979.6031343426826,3,"[{""time"": ""2026-04-09 16:30:00+00:00"", ""price"": 504.3900146484375, ""fraction"": 0.2, ""shares"": 0.38843081975977306, ""reason"": ""starter20""}, {""time"": ""2026-04-10 13:30:00+00:00"", ""price"": 500.5199159899642, ""fraction"": 0.2, ""shares"": 0.3914342279088548, ""reason"": ""adverse20""}, {""time"": ""2026-04-10 15:30:00+00:00"", ""price"": 496.6498173314909, ""fraction"": 0.6, ""shares"": 1.1834533308874762, ""reason"": ""support60""}]","[{""time"": ""2026-04-15 13:30:00+00:00"", ""price"": 514.0652612946208, ""shares"": 0.981659189278052, ""reason"": ""target1_partial""}, {""time"": ""2026-04-15 13:30:00+00:00"", ""price"": 515.0, ""shares"": 0.981659189278052, ""reason"": ""time""}]"
DORO_AGG_BULL_REPLAY,A,AMAT,DAGG|AMAT|4531,2026-04-20,2026-04-20,0,2026-04-20 18:30:00+00:00,3.0,ALL_BULL_CONTROL,993.2555355707533,24.517917825486187,383.3234073876521,393.0249938964844,393.0249938964844,9.701586508832293,402.72658040531667,412.42816691414896,384.3299865722656,400.5,400.5,1,0,0.0,199.24706043549313,205.38846301441114,198.65110711415068,206.0064824617965,1.2139727687278417,True,False,False,False,False,4532,17,406.1700134277344,2.143465237237504,-0.27263468828153886,2026-04-23 13:30:00+00:00,412.42816691414896,target2,WIN,6.141402578918019,198.65110711415068,1,"[{""time"": ""2026-04-20 18:30:00+00:00"", ""price"": 393.0249938964844, ""fraction"": 0.2, ""shares"": 0.5054414100861783, ""reason"": ""starter20""}]","[{""time"": ""2026-04-22 16:30:00+00:00"", ""price"": 402.72658040531667, ""shares"": 0.25272070504308913, ""reason"": ""target1_partial""}, {""time"": ""2026-04-23 13:30:00+00:00"", ""price"": 412.42816691414896, ""shares"": 0.25272070504308913, ""reason"": ""target2""}]"
DORO_AGG_BULL_REPLAY,A,GOOGL,DAGG|GOOGL|4545,2026-04-22,2026-04-22,0,2026-04-22 18:30:00+00:00,3.0,ALL_BULL_CONTROL,993.9677163613059,21.209493241343814,330.87820957274283,338.0924987792969,338.0924987792969,7.214289206554042,345.3067879858509,352.52107719240496,331.4200134277344,342.32000732421875,342.32000732421875,1,0,0.0,199.38992390207798,204.54092207093032,198.7935432722612,205.15639124466432,1.2118498035507765,True,False,False,False,False,4546,21,352.2799987792969,2.091334775264856,-0.37460157937724764,2026-04-27 17:30:00+00:00,352.52107719240496,target2,WIN,5.15099816885234,198.7935432722612,1,"[{""time"": ""2026-04-22 18:30:00+00:00"", ""price"": 338.0924987792969, ""fraction"": 0.2, ""shares"": 0.5879856666149563, ""reason"": ""starter20""}]","[{""time"": ""2026-04-27 13:30:00+00:00"", ""price"": 345.3067879858509, ""shares"": 0.29399283330747816, ""reason"": ""target1_partial""}, {""time"": ""2026-04-27 17:30:00+00:00"", ""price"": 352.52107719240496, ""shares"": 0.29399283330747816, ""reason"": ""target2""}]"
DORO_AGG_BULL_REPLAY,A,MSFT,DAGG|MSFT|4565,2026-04-27,2026-04-27,0,2026-04-27 17:30:00+00:00,3.0,ALL_BULL_CONTROL,995.5620238573342,34.072150240900164,410.532033938663,410.532033938663,425.0799865722656,14.54795263360262,439.62793920586824,454.17589183947086,411.41009521484375,433.6400146484375,433.6400146484375,1,0,0.0,199.70974198578125,191.72108079911695,199.11240477146686,192.2979747232868,1.174231138484261,False,False,False,False,False,4566,18,413.0,0.33200665492183806,-0.3292544420498001,2026-04-30 13:30:00+00:00,410.532033938663,stop,LOSS,-7.988661186664302,199.11240477146686,1,"[{""time"": ""2026-04-27 17:30:00+00:00"", ""price"": 425.0799865722656, ""fraction"": 0.2, ""shares"": 0.4684116191332776, ""reason"": ""starter20""}]","[{""time"": ""2026-04-30 13:30:00+00:00"", ""price"": 410.532033938663, ""shares"": 0.4684116191332776, ""reason"": ""stop""}]"
DORO_AGG_BULL_REPLAY,A,QCOM,DAGG|QCOM|4566,2026-04-27,2026-04-27,0,2026-04-27 18:30:00+00:00,3.0,ALL_BULL_CONTROL,403.43605685315845,49.777026332717725,131.39616791403188,149.88999938964844,149.88999938964844,18.49383147561656,168.383830865265,186.87766234088156,132.0500030517578,160.94000244140625,160.94000244140625,1,0,0.0,80.92927300474359,95.33345831263568,80.6872113706317,95.62031927044703,0.5289225919232362,True,False,False,False,False,4567,18,176.6999969482422,2.000661314409595,-0.318478763359048,2026-04-30 14:30:00+00:00,186.87766234088156,target2,WIN,14.404185307892092,80.6872113706317,1,"[{""time"": ""2026-04-27 18:30:00+00:00"", ""price"": 149.88999938964844, ""fraction"": 0.2, ""shares"": 0.5383095049649059, ""reason"": ""starter20""}]","[{""time"": ""2026-04-30 13:30:00+00:00"", ""price"": 168.383830865265, ""shares"": 0.26915475248245296, ""reason"": ""target1_partial""}, {""time"": ""2026-04-30 14:30:00+00:00"", ""price"": 186.87766234088156, ""shares"": 0.26915475248245296, ""reason"": ""target2""}]"
DORO_AGG_BULL_REPLAY,A,AMAT,DAGG|AMAT|4585,2026-04-30,2026-04-30,0,2026-04-30 16:30:00+00:00,3.0,ALL_BULL_CONTROL,996.7971205445527,39.66829453243652,375.7855190462679,391.3599853515625,391.3599853515625,15.574466305294607,406.9344516568571,422.5089179621517,377.07000732421875,405.510009765625,405.510009765625,1,0,0.0,199.9575023812373,210.62613273123557,199.35942410891056,211.25991246864152,1.2318580097326564,True,False,False,False,False,4586,26,421.0,2.66140819174909,-0.3666251763077743,2026-05-06 13:30:00+00:00,422.5089179621517,target2,WIN,10.668630349998267,199.35942410891056,1,"[{""time"": ""2026-04-30 16:30:00+00:00"", ""price"": 391.3599853515625, ""fraction"": 0.2, ""shares"": 0.5094016546679498, ""reason"": ""starter20""}]","[{""time"": ""2026-05-05 13:30:00+00:00"", ""price"": 406.9344516568571, ""shares"": 0.2547008273339749, ""reason"": ""target1_partial""}, {""time"": ""2026-05-06 13:30:00+00:00"", ""price"": 422.5089179621517, ""shares"": 0.2547008273339749, ""reason"": ""target2""}]"
DORO_AGG_BULL_REPLAY,A,AVGO,DAGG|AVGO|4616,2026-05-06,2026-05-06,0,2026-05-06 19:30:00+00:00,3.0,ALL_BULL_CONTROL,998.9308466145521,33.86724027547735,408.3496664874347,408.3496664874347,422.67999267578125,14.330326188346532,437.0103188641278,451.3406450524743,409.5299987792969,437.67999267578125,437.67999267578125,1,0,0.0,400.77105566175834,387.51291276048835,399.5723386458209,388.6789496093163,2.3647538647654116,False,True,False,False,False,4617,6,414.9849853515625,0.2658695628081413,-0.6263904447500205,2026-05-07 17:30:00+00:00,408.3496664874347,stop,LOSS,-13.258142901269991,399.5723386458209,2,"[{""time"": ""2026-05-06 19:30:00+00:00"", ""price"": 422.67999267578125, ""fraction"": 0.2, ""shares"": 0.4726653089448627, ""reason"": ""starter20""}, {""time"": ""2026-05-07 13:30:00+00:00"", ""price"": 416.9478622004426, ""fraction"": 0.2, ""shares"": 0.47916343369297737, ""reason"": ""adverse20""}]","[{""time"": ""2026-05-07 17:30:00+00:00"", ""price"": 408.3496664874347, ""shares"": 0.95182874263784, ""reason"": ""stop""}]"
DORO_AGG_BULL_REPLAY,A,TMUS,DAGG|TMUS|4625,2026-05-08,2026-05-08,0,2026-05-08 14:30:00+00:00,3.0,ALL_BULL_CONTROL,996.2792180342982,15.631366756583724,191.26132326997208,191.26132326997208,194.30999755859375,3.048674288621669,197.35867184721542,200.4073461358371,191.64999389648438,196.0,196.0,1,0,0.0,199.85361113768025,195.5411815447763,199.25584360685966,196.12957025554292,1.1861562415872078,False,False,False,False,False,4626,7,192.33999633789062,0.054124688077609215,-0.3772111375676989,2026-05-11 13:30:00+00:00,191.26132326997208,stop,LOSS,-4.312429592903953,199.25584360685966,1,"[{""time"": ""2026-05-08 14:30:00+00:00"", ""price"": 194.30999755859375, ""fraction"": 0.2, ""shares"": 1.0254533791899951, ""reason"": ""starter20""}]","[{""time"": ""2026-05-11 13:30:00+00:00"", ""price"": 191.26132326997208, ""shares"": 1.0254533791899951, ""reason"": ""stop""}]"
DORO_AGG_BULL_REPLAY,A,MA,DAGG|MA|4626,2026-05-08,2026-05-08,0,2026-05-08 16:30:00+00:00,3.0,ALL_BULL_CONTROL,996.0417380154142,17.75934762335237,488.60014933932416,488.60014933932416,497.4700012207031,8.869851881378963,506.3398531020821,515.209704983461,489.7300109863281,503.5199890136719,503.5199890136719,1,0,0.0,999.0298632294605,992.4454486032822,996.0417380154142,995.4317438347866,5.974420445550603,False,True,True,False,False,4627,26,492.18499755859375,0.9966340426099994,-0.8590893308133627,2026-05-14 13:30:00+00:00,492.18499755859375,time,TIME,-6.584414626178273,996.0417380154142,3,"[{""time"": ""2026-05-08 16:30:00+00:00"", ""price"": 497.4700012207031, ""fraction"": 0.2, ""shares"": 0.40044293548206106, ""reason"": ""starter20""}, {""time"": ""2026-05-11 13:30:00+00:00"", ""price"": 493.9220604681515, ""fraction"": 0.2, ""shares"": 0.40331939702038877, ""reason"": ""adverse20""}, {""time"": ""2026-05-13 19:30:00+00:00"", ""price"": 490.37411971559993, ""fraction"": 0.6, ""shares"": 1.2187124458277905, ""reason"": ""support60""}]","[{""time"": ""2026-05-14 13:30:00+00:00"", ""price"": 492.18499755859375, ""shares"": 2.02247477833024, ""reason"": ""time""}]"
DORO_AGG_BULL_REPLAY,A,NFLX,DAGG|NFLX|4648,2026-05-13,2026-05-13,0,2026-05-13 16:30:00+00:00,3.0,ALL_BULL_CONTROL,994.7420957588513,30.00652435191714,84.90904585311941,87.55000305175781,87.55000305175781,2.6409571986384037,90.19096025039622,92.83191744903462,85.0999984741211,89.16100311279297,89.16100311279297,1,0,0.0,199.54526440922558,205.04744457878354,198.94841915177028,205.66443789246094,1.2138385711326936,True,False,False,False,False,4649,26,90.81999969482422,1.4805223025692038,-0.3824379042383552,2026-05-19 13:30:00+00:00,90.81999969482422,time,TIME,5.50218016955796,198.94841915177028,1,"[{""time"": ""2026-05-13 16:30:00+00:00"", ""price"": 87.55000305175781, ""fraction"": 0.2, ""shares"": 2.2723976266928965, ""reason"": ""starter20""}]","[{""time"": ""2026-05-19 13:30:00+00:00"", ""price"": 90.19096025039622, ""shares"": 1.1361988133464482, ""reason"": ""target1_partial""}, {""time"": ""2026-05-19 13:30:00+00:00"", ""price"": 90.81999969482422, ""shares"": 1.1361988133464482, ""reason"": ""time""}]"
DORO_AGG_BULL_REPLAY,A,PLTR,DAGG|PLTR|4657,2026-05-14,2026-05-14,0,2026-05-14 18:30:00+00:00,3.0,ALL_BULL_CONTROL,993.6918846695276,42.14501271624997,128.3167174945223,128.3167174945223,134.0,5.683282505477706,139.6832825054777,145.3665650109554,128.75,137.41549682617188,137.41549682617188,1,0,0.0,398.6691841294145,404.62552963846423,397.47675386781106,405.84305881490894,2.40995943804816,False,True,False,False,False,4658,26,135.64999389648438,0.6088042800146458,-0.46979860078605873,2026-05-20 15:30:00+00:00,135.64999389648438,time,TIME,5.956345509049754,397.47675386781106,2,"[{""time"": ""2026-05-14 18:30:00+00:00"", ""price"": 134.0, ""fraction"": 0.2, ""shares"": 1.4831222159246682, ""reason"": ""starter20""}, {""time"": ""2026-05-18 13:30:00+00:00"", ""price"": 131.7266869978089, ""fraction"": 0.2, ""shares"": 1.5087176445666721, ""reason"": ""adverse20""}]","[{""time"": ""2026-05-20 15:30:00+00:00"", ""price"": 135.64999389648438, ""shares"": 2.99183986049134, ""reason"": ""time""}]"
DORO_AGG_BULL_REPLAY,A,JNJ,DAGG|JNJ|4720,2026-05-28,2026-05-28,0,2026-05-28 19:30:00+00:00,3.0,ALL_BULL_CONTROL,996.2265104697049,12.083587953432666,228.7068710892434,228.7068710892434,231.51499938964844,2.8081283004050306,234.32312769005347,237.1312559904585,229.02049255371094,235.11000061035156,235.11000061035156,1,0,0.0,199.8430380002228,196.23809874974467,199.24530209394098,196.82858450325443,1.1882216597915862,False,False,False,False,False,4721,2,231.22999572753906,0.12641720376090354,-0.2652995296119645,2026-05-29 13:30:00+00:00,228.7068710892434,stop,LOSS,-3.6049392504781395,199.24530209394098,1,"[{""time"": ""2026-05-28 19:30:00+00:00"", ""price"": 231.51499938964844, ""fraction"": 0.2, ""shares"": 0.8606150902499567, ""reason"": ""starter20""}]","[{""time"": ""2026-05-29 13:30:00+00:00"", ""price"": 228.7068710892434, ""shares"": 0.8606150902499567, ""reason"": ""stop""}]"
DORO_AGG_BULL_REPLAY,A,NVDA,DAGG|NVDA|4720,2026-05-28,2026-05-28,0,2026-05-28 18:30:00+00:00,3.0,ALL_BULL_CONTROL,996.391554326203,28.43276462135289,208.24754242906081,214.36459350585938,214.36459350585938,6.11705107679856,220.48164458265794,226.5986956594565,208.77999877929688,218.17999267578125,218.17999267578125,1,0,0.0,399.7522915956727,416.7616038154989,398.55662173048125,418.0156507678023,2.449716817494851,True,True,False,False,False,4721,17,227.19000244140625,2.928765028853374,-0.5287823466629838,2026-06-02 13:30:00+00:00,226.5986956594565,target2,WIN,17.0093122198262,398.55662173048125,2,"[{""time"": ""2026-05-28 18:30:00+00:00"", ""price"": 214.36459350585938, ""fraction"": 0.2, ""shares"": 0.9296232535705278, ""reason"": ""starter20""}, {""time"": ""2026-05-29 19:30:00+00:00"", ""price"": 211.91777307513996, ""fraction"": 0.2, ""shares"": 0.9403567618398021, ""reason"": ""adverse20""}]","[{""time"": ""2026-06-01 13:30:00+00:00"", ""price"": 220.48164458265794, ""shares"": 0.9349900077051649, ""reason"": ""target1_partial""}, {""time"": ""2026-06-02 13:30:00+00:00"", ""price"": 226.5986956594565, ""shares"": 0.9349900077051649, ""reason"": ""target2""}]"
DORO_AGG_BULL_REPLAY,A,JPM,DAGG|JPM|4728,2026-05-29,2026-05-29,0,2026-06-01 13:30:00+00:00,3.0,ALL_BULL_CONTROL,996.4209652454829,9.833844924182852,294.7520500883391,297.69000244140625,297.69000244140625,2.9379523530671463,300.6279547944734,303.56590714754054,295.19500732421875,305.8999938964844,305.8999938964844,1,0,0.0,999.4102281412194,1003.8921599064198,996.4209652454829,1006.9128986022265,6.010001591543128,True,True,True,False,False,4729,15,299.9200134277344,1.490835914421787,-0.8237075135707846,2026-06-03 13:30:00+00:00,297.69000244140625,stop,BE_STOP,4.481931765200443,996.4209652454829,3,"[{""time"": ""2026-06-01 13:30:00+00:00"", ""price"": 297.69000244140625, ""fraction"": 0.2, ""shares"": 0.6694352897804196, ""reason"": ""starter20""}, {""time"": ""2026-06-01 13:30:00+00:00"", ""price"": 296.5148215001794, ""fraction"": 0.2, ""shares"": 0.6720884711288404, ""reason"": ""adverse20""}, {""time"": ""2026-06-01 14:30:00+00:00"", ""price"": 295.3396405589525, ""fraction"": 0.6, ""shares"": 2.024288300804486, ""reason"": ""support60""}]","[{""time"": ""2026-06-02 14:30:00+00:00"", ""price"": 300.6279547944734, ""shares"": 1.682906030856873, ""reason"": ""target1_partial""}, {""time"": ""2026-06-03 13:30:00+00:00"", ""price"": 297.69000244140625, ""shares"": 1.682906030856873, ""reason"": ""stop""}]"
DORO_AGG_BULL_REPLAY,A,META,DAGG|META|4747,2026-06-03,2026-06-03,0,2026-06-03 17:30:00+00:00,3.0,ALL_BULL_CONTROL,999.9688152731129,36.87136120925725,595.03943226585,617.8200073242188,617.8200073242188,22.780575058368754,640.6005823825875,663.3811574409563,596.6799926757812,635.6799926757812,635.6799926757812,1,0,0.0,200.59374434378648,203.06985647802165,199.9937630546226,203.6808991755483,1.2110239866905128,True,False,False,False,False,4748,11,623.4600219726562,1.0759170785998624,-0.028973552159958643,2026-06-05 13:30:00+00:00,617.8200073242188,stop,BE_STOP,2.4761121342351657,199.9937630546226,1,"[{""time"": ""2026-06-03 17:30:00+00:00"", ""price"": 617.8200073242188, ""fraction"": 0.2, ""shares"": 0.32370878359992983, ""reason"": ""starter20""}]","[{""time"": ""2026-06-04 15:30:00+00:00"", ""price"": 640.6005823825875, ""shares"": 0.16185439179996491, ""reason"": ""target1_partial""}, {""time"": ""2026-06-05 13:30:00+00:00"", ""price"": 617.8200073242188, ""shares"": 0.16185439179996491, ""reason"": ""stop""}]"
DORO_AGG_BULL_REPLAY,A,AMZN,DAGG|AMZN|4827,2026-06-18,2026-06-18,0,2026-06-22 13:30:00+00:00,3.0,ALL_BULL_CONTROL,1000.46403769996,20.982954114019467,235.44615527967272,235.44615527967272,240.49000549316406,5.043850213491339,245.5338557066554,250.57770592014674,236.02000427246094,249.50999450683594,249.50999450683594,1,0,0.0,1003.4654298130599,988.1937648821051,1000.46403769996,991.1672666821516,5.974893913146335,False,True,True,False,False,4828,2,235.7100067138672,0.2993733840067236,-0.9893246789559189,2026-06-22 14:30:00+00:00,235.44615527967272,stop,LOSS,-15.271664930954785,1000.46403769996,3,"[{""time"": ""2026-06-22 13:30:00+00:00"", ""price"": 240.49000549316406, ""fraction"": 0.2, ""shares"": 0.8320213022144891, ""reason"": ""starter20""}, {""time"": ""2026-06-22 13:30:00+00:00"", ""price"": 238.47246540776752, ""fraction"": 0.2, ""shares"": 0.8390604223336662, ""reason"": ""adverse20""}, {""time"": ""2026-06-22 13:30:00+00:00"", ""price"": 236.454925322371, ""fraction"": 0.6, ""shares"": 2.5386589930473473, ""reason"": ""support60""}]","[{""time"": ""2026-06-22 14:30:00+00:00"", ""price"": 235.44615527967272, ""shares"": 4.209740717595503, ""reason"": ""stop""}]"
