label,period_type,period,trades,pnl,pf,winrate,top1_share,top3_share
TOP20|$5000|5BPS,year,2023,8,0.1654392392141233,1.0034307988665447,0.75,0.37329857051405757,0.8608834532111397
TOP20|$5000|5BPS,year,2024,44,299.6187632376496,2.3101069773893377,0.6136363636363636,0.2494742146739381,0.5240715912270544
TOP20|$5000|5BPS,year,2025,61,12.425084213552793,1.0255636682178613,0.4918032786885246,0.23464697779834176,0.6864631046033155
TOP20|$5000|5BPS,year,2026,21,153.90769572004353,2.6706915361273933,0.6190476190476191,0.3367357822941749,0.714142285441421
TOP20|$5000|5BPS,quarter,2023Q4,8,0.1654392392141233,1.0034307988665447,0.75,0.37329857051405757,0.8608834532111397
TOP20|$5000|5BPS,quarter,2024Q1,14,159.03212186903215,3.1550311295623454,0.7142857142857143,0.4770567527060002,0.8103275766167818
TOP20|$5000|5BPS,quarter,2024Q2,11,118.84794127410638,4.195309693867305,0.7272727272727273,0.35442429149135746,0.8837325789288729
TOP20|$5000|5BPS,quarter,2024Q3,5,99.08122604082328,inf,1.0,0.39289341616553175,0.958916969920981
TOP20|$5000|5BPS,quarter,2024Q4,14,-77.34252594631221,0.34292719815443146,0.2857142857142857,0.7977312924910052,0.9999860262770524
TOP20|$5000|5BPS,quarter,2025Q1,7,-11.352992718670748,0.7492006292033041,0.42857142857142855,0.7002316637538616,1.0
TOP20|$5000|5BPS,quarter,2025Q2,17,4.971750288784449,1.038087489793385,0.47058823529411764,0.5036152152209498,0.9109145725754708
TOP20|$5000|5BPS,quarter,2025Q3,19,-2.636587412101136,0.9843131224753005,0.47368421052631576,0.39633706714348205,0.7129628676147035
TOP20|$5000|5BPS,quarter,2025Q4,18,21.44291405554023,1.150829646943303,0.5555555555555556,0.3670645974171088,0.8017148178942303
TOP20|$5000|5BPS,quarter,2026Q1,4,-0.6594489756113262,0.9786315000649428,0.25,1.0,0.0
TOP20|$5000|5BPS,quarter,2026Q2,14,150.4144708214703,3.6720791503925065,0.7142857142857143,0.3590253742358853,0.7308747579840337
TOP20|$5000|5BPS,quarter,2026Q3,3,4.1526738741845435,1.835518220327075,0.6666666666666666,0.7164001063118839,0.45519472979036524
TOP20|$5000|10BPS,year,2023,8,-4.661760047091491,0.9060825599124348,0.75,0.3790565945172382,0.8767015446967502
TOP20|$5000|10BPS,year,2024,44,269.3785066366619,2.1321580406106957,0.5909090909090909,0.25731268031956883,0.5361885704048107
TOP20|$5000|10BPS,year,2025,60,-24.990512242988785,0.9500861638740528,0.4666666666666667,0.2465689243220999,0.7052182159548022
TOP20|$5000|10BPS,year,2026,21,140.6022706058132,2.490332682808961,0.6190476190476191,0.34041925017142083,0.7214949873582958
TOP20|$5000|10BPS,quarter,2023Q4,8,-4.661760047091491,0.9060825599124348,0.75,0.3790565945172382,0.8767015446967502
TOP20|$5000|10BPS,quarter,2024Q1,14,149.32265455739304,2.9631265068332535,0.7142857142857143,0.4854515856562987,0.8206350341540513
TOP20|$5000|10BPS,quarter,2024Q2,11,110.27849881214141,3.8251356403118506,0.7272727272727273,0.3552097399523908,0.8853649603896769
TOP20|$5000|10BPS,quarter,2024Q3,5,94.98858689363698,inf,1.0,0.39675334271957996,0.9596312248121007
TOP20|$5000|10BPS,quarter,2024Q4,14,-85.21123362650954,0.3062963121258054,0.21428571428571427,0.8221547404760773,1.0
TOP20|$5000|10BPS,quarter,2025Q1,7,-14.587339782052652,0.6880792973457205,0.42857142857142855,0.6999837885961441,1.0
TOP20|$5000|10BPS,quarter,2025Q2,17,-5.066651963664327,0.9626758890067206,0.47058823529411764,0.508903123836049,0.9125507318646465
TOP20|$5000|10BPS,quarter,2025Q3,19,-14.027183285461689,0.9186615928742569,0.42105263157894735,0.4011405966845234,0.7124676979722954
TOP20|$5000|10BPS,quarter,2025Q4,17,8.690662788189883,1.0596456747944258,0.5294117647058824,0.3784800548865456,0.8207521834173173
TOP20|$5000|10BPS,quarter,2026Q1,4,-2.8490912590478956,0.9101013407675657,0.25,1.0,0.0
TOP20|$5000|10BPS,quarter,2026Q2,14,140.16327559359522,3.435270727541845,0.7142857142857143,0.3597269125825544,0.7329576985596635
TOP20|$5000|10BPS,quarter,2026Q3,3,3.2880862712658896,1.6453429511703843,0.6666666666666666,0.7029312393890765,0.3922239741637642
TOP20|$5000|20BPS,year,2023,8,-14.305884170181912,0.7273280543657532,0.75,0.39365822256291955,0.9167333312040297
TOP20|$5000|20BPS,year,2024,44,209.5561153531662,1.8164329080827968,0.5681818181818182,0.2755492173341093,0.5644699026179189
TOP20|$5000|20BPS,year,2025,60,-94.17131938446292,0.8221482580631541,0.4666666666666667,0.27300978940575804,0.7401507156184325
TOP20|$5000|20BPS,year,2026,21,115.12521164005022,2.167633537838114,0.6190476190476191,0.34882197677834154,0.7382160994066893
TOP20|$5000|20BPS,quarter,2023Q4,8,-14.305884170181912,0.7273280543657532,0.75,0.39365822256291955,0.9167333312040297
TOP20|$5000|20BPS,quarter,2024Q1,14,130.00574011308956,2.6135703318587393,0.7142857142857143,0.5042866701868143,0.8437887032548743
TOP20|$5000|20BPS,quarter,2024Q2,11,93.31201972611532,3.186527898593064,0.7272727272727273,0.3569693084039131,0.8890476171335268
TOP20|$5000|20BPS,quarter,2024Q3,5,86.9087449421283,inf,1.0,0.40542035045067537,0.9612330174685988
TOP20|$5000|20BPS,quarter,2024Q4,14,-100.67038942816694,0.24550025416488114,0.14285714285714285,0.8681972956462315,0.9839494387611002
TOP20|$5000|20BPS,quarter,2025Q1,7,-20.921470512107163,0.5790068106558056,0.42857142857142855,0.699405610673468,1.0
TOP20|$5000|20BPS,quarter,2025Q2,17,-24.65974251343789,0.830977239820969,0.47058823529411764,0.5202406179581066,0.9160676919796082
TOP20|$5000|20BPS,quarter,2025Q3,19,-36.121181732420524,0.8009040636204549,0.42105263157894735,0.4124331950040253,0.7113005153171772
TOP20|$5000|20BPS,quarter,2025Q4,17,-12.46892462649734,0.9182236198176077,0.5294117647058824,0.39427644288763347,0.8417358754788367
TOP20|$5000|20BPS,quarter,2026Q1,4,-7.05319265624513,0.7881352341556822,0.25,1.0,0.0
TOP20|$5000|20BPS,quarter,2026Q2,14,120.54120208004457,3.009930430679115,0.7142857142857143,0.361282728436467,0.7375724909882875
TOP20|$5000|20BPS,quarter,2026Q3,3,1.6372022162507918,1.3069828089460118,0.6666666666666666,0.6692675380034241,0.2348789952283852
TOP20|$5000|30BPS,year,2023,8,-23.936320134237604,0.5710099712278252,0.625,0.4080327070387302,0.9585854668108602
TOP20|$5000|30BPS,year,2024,44,150.60216073661428,1.545085935487991,0.5681818181818182,0.298264064680675,0.5998331143243443
TOP20|$5000|30BPS,year,2025,61,-180.74895958042507,0.6704032400750866,0.45901639344262296,0.2896264007589634,0.6777555613259252
TOP20|$5000|30BPS,year,2026,22,81.0760968549941,1.9536183676719114,0.6363636363636364,0.3176487778262928,0.7438272740507004
TOP20|$5000|30BPS,quarter,2023Q4,8,-23.936320134237604,0.5710099712278252,0.625,0.4080327070387302,0.9585854668108602
TOP20|$5000|30BPS,quarter,2024Q1,14,110.82427919632465,2.303235306022441,0.7142857142857143,0.526449718516396,0.8710729730456107
TOP20|$5000|30BPS,quarter,2024Q2,11,76.57356342102486,2.655111026738532,0.7272727272727273,0.3590429551715753,0.8934259570145413
TOP20|$5000|30BPS,quarter,2024Q3,5,78.96800342844114,inf,1.0,0.4156359861681544,0.9631181330782033
TOP20|$5000|30BPS,quarter,2024Q4,14,-115.76368530917637,0.20156341353285237,0.14285714285714285,0.8896764405142542,0.9642829688844363
TOP20|$5000|30BPS,quarter,2025Q1,7,-27.079160635742994,0.4845498436952142,0.42857142857142855,0.6986859518281935,1.0
TOP20|$5000|30BPS,quarter,2025Q2,17,-43.62052985780204,0.7198128814592695,0.47058823529411764,0.5327255243423503,0.9199531837115418
TOP20|$5000|30BPS,quarter,2025Q3,19,-57.321495571507796,0.6982452315359858,0.42105263157894735,0.42672010740061367,0.7098191560754744
TOP20|$5000|30BPS,quarter,2025Q4,18,-52.727773515372235,0.6489849933374787,0.5,0.4064235054160338,0.8714640492547159
TOP20|$5000|30BPS,quarter,2026Q1,4,-9.052347489255538,0.5664411030082672,0.25,1.0,0.0
TOP20|$5000|30BPS,quarter,2026Q2,15,90.04564526123701,2.536059520688561,0.7333333333333333,0.420618577019548,0.7759704623871472
TOP20|$5000|30BPS,quarter,2026Q3,3,0.08279908301263106,1.015002341458123,0.6666666666666666,0.6221633639945898,0.014780597881745891
TOP20|$20000|5BPS,year,2023,8,0.6617569568564932,1.0034307988665447,0.75,0.37329857051405757,0.8608834532111397
TOP20|$20000|5BPS,year,2024,44,1198.4750529505984,2.3101069773893377,0.6136363636363636,0.2494742146739381,0.5240715912270544
TOP20|$20000|5BPS,year,2025,61,49.70033685421117,1.0255636682178613,0.4918032786885246,0.23464697779834176,0.6864631046033155
TOP20|$20000|5BPS,year,2026,21,615.6307828801741,2.6706915361273933,0.6190476190476191,0.3367357822941749,0.714142285441421
TOP20|$20000|5BPS,quarter,2023Q4,8,0.6617569568564932,1.0034307988665447,0.75,0.37329857051405757,0.8608834532111397
TOP20|$20000|5BPS,quarter,2024Q1,14,636.1284874761286,3.1550311295623454,0.7142857142857143,0.4770567527060002,0.8103275766167818
TOP20|$20000|5BPS,quarter,2024Q2,11,475.3917650964255,4.195309693867305,0.7272727272727273,0.35442429149135746,0.8837325789288729
TOP20|$20000|5BPS,quarter,2024Q3,5,396.3249041632931,inf,1.0,0.39289341616553175,0.958916969920981
TOP20|$20000|5BPS,quarter,2024Q4,14,-309.37010378524883,0.34292719815443146,0.2857142857142857,0.7977312924910052,0.9999860262770524
TOP20|$20000|5BPS,quarter,2025Q1,7,-45.41197087468299,0.7492006292033041,0.42857142857142855,0.7002316637538616,1.0
TOP20|$20000|5BPS,quarter,2025Q2,17,19.887001155137796,1.038087489793385,0.47058823529411764,0.5036152152209498,0.9109145725754708
TOP20|$20000|5BPS,quarter,2025Q3,19,-10.546349648404544,0.9843131224753005,0.47368421052631576,0.39633706714348205,0.7129628676147035
TOP20|$20000|5BPS,quarter,2025Q4,18,85.77165622216091,1.150829646943303,0.5555555555555556,0.3670645974171088,0.8017148178942303
TOP20|$20000|5BPS,quarter,2026Q1,4,-2.637795902445305,0.9786315000649428,0.25,1.0,0.0
TOP20|$20000|5BPS,quarter,2026Q2,14,601.6578832858812,3.6720791503925065,0.7142857142857143,0.3590253742358853,0.7308747579840337
TOP20|$20000|5BPS,quarter,2026Q3,3,16.610695496738174,1.835518220327075,0.6666666666666666,0.7164001063118839,0.45519472979036524
TOP20|$20000|10BPS,year,2023,8,-18.647040188365963,0.9060825599124348,0.75,0.3790565945172382,0.8767015446967502
TOP20|$20000|10BPS,year,2024,44,1077.5140265466475,2.1321580406106957,0.5909090909090909,0.25731268031956883,0.5361885704048107
TOP20|$20000|10BPS,year,2025,60,-99.96204897195514,0.9500861638740528,0.4666666666666667,0.2465689243220999,0.7052182159548022
TOP20|$20000|10BPS,year,2026,21,562.4090824232528,2.490332682808961,0.6190476190476191,0.34041925017142083,0.7214949873582958
TOP20|$20000|10BPS,quarter,2023Q4,8,-18.647040188365963,0.9060825599124348,0.75,0.3790565945172382,0.8767015446967502
TOP20|$20000|10BPS,quarter,2024Q1,14,597.2906182295721,2.9631265068332535,0.7142857142857143,0.4854515856562987,0.8206350341540513
TOP20|$20000|10BPS,quarter,2024Q2,11,441.11399524856563,3.8251356403118506,0.7272727272727273,0.3552097399523908,0.8853649603896769
TOP20|$20000|10BPS,quarter,2024Q3,5,379.9543475745479,inf,1.0,0.39675334271957996,0.9596312248121007
TOP20|$20000|10BPS,quarter,2024Q4,14,-340.84493450603816,0.3062963121258054,0.21428571428571427,0.8221547404760773,1.0
TOP20|$20000|10BPS,quarter,2025Q1,7,-58.34935912821061,0.6880792973457205,0.42857142857142855,0.6999837885961441,1.0
TOP20|$20000|10BPS,quarter,2025Q2,17,-20.26660785465731,0.9626758890067206,0.47058823529411764,0.508903123836049,0.9125507318646465
TOP20|$20000|10BPS,quarter,2025Q3,19,-56.108733141846756,0.9186615928742569,0.42105263157894735,0.4011405966845234,0.7124676979722954
TOP20|$20000|10BPS,quarter,2025Q4,17,34.76265115275953,1.0596456747944258,0.5294117647058824,0.3784800548865456,0.8207521834173173
TOP20|$20000|10BPS,quarter,2026Q1,4,-11.396365036191582,0.9101013407675657,0.25,1.0,0.0
TOP20|$20000|10BPS,quarter,2026Q2,14,560.6531023743809,3.435270727541845,0.7142857142857143,0.3597269125825544,0.7329576985596635
TOP20|$20000|10BPS,quarter,2026Q3,3,13.152345085063558,1.6453429511703843,0.6666666666666666,0.7029312393890765,0.3922239741637642
TOP20|$20000|20BPS,year,2023,8,-57.22353668072765,0.7273280543657532,0.75,0.39365822256291955,0.9167333312040297
TOP20|$20000|20BPS,year,2024,44,838.2244614126648,1.8164329080827968,0.5681818181818182,0.2755492173341093,0.5644699026179189
TOP20|$20000|20BPS,year,2025,60,-376.6852775378517,0.8221482580631541,0.4666666666666667,0.27300978940575804,0.7401507156184325
TOP20|$20000|20BPS,year,2026,21,460.5008465602009,2.167633537838114,0.6190476190476191,0.34882197677834154,0.7382160994066893
TOP20|$20000|20BPS,quarter,2023Q4,8,-57.22353668072765,0.7273280543657532,0.75,0.39365822256291955,0.9167333312040297
TOP20|$20000|20BPS,quarter,2024Q1,14,520.0229604523582,2.6135703318587393,0.7142857142857143,0.5042866701868143,0.8437887032548743
TOP20|$20000|20BPS,quarter,2024Q2,11,373.2480789044613,3.186527898593064,0.7272727272727273,0.3569693084039131,0.8890476171335268
TOP20|$20000|20BPS,quarter,2024Q3,5,347.6349797685132,inf,1.0,0.40542035045067537,0.9612330174685988
TOP20|$20000|20BPS,quarter,2024Q4,14,-402.68155771266777,0.24550025416488114,0.14285714285714285,0.8681972956462315,0.9839494387611002
TOP20|$20000|20BPS,quarter,2025Q1,7,-83.68588204842865,0.5790068106558056,0.42857142857142855,0.699405610673468,1.0
TOP20|$20000|20BPS,quarter,2025Q2,17,-98.63897005375156,0.830977239820969,0.47058823529411764,0.5202406179581066,0.9160676919796082
TOP20|$20000|20BPS,quarter,2025Q3,19,-144.4847269296821,0.8009040636204549,0.42105263157894735,0.4124331950040253,0.7113005153171772
TOP20|$20000|20BPS,quarter,2025Q4,17,-49.87569850598936,0.9182236198176077,0.5294117647058824,0.39427644288763347,0.8417358754788367
TOP20|$20000|20BPS,quarter,2026Q1,4,-28.21277062498052,0.7881352341556822,0.25,1.0,0.0
TOP20|$20000|20BPS,quarter,2026Q2,14,482.1648083201783,3.009930430679115,0.7142857142857143,0.361282728436467,0.7375724909882875
TOP20|$20000|20BPS,quarter,2026Q3,3,6.548808865003167,1.3069828089460118,0.6666666666666666,0.6692675380034241,0.2348789952283852
TOP20|$20000|30BPS,year,2023,8,-95.74528053695042,0.5710099712278252,0.625,0.4080327070387302,0.9585854668108602
TOP20|$20000|30BPS,year,2024,44,602.4086429464571,1.545085935487991,0.5681818181818182,0.298264064680675,0.5998331143243443
TOP20|$20000|30BPS,year,2025,61,-722.9958383217003,0.6704032400750866,0.45901639344262296,0.2896264007589634,0.6777555613259252
TOP20|$20000|30BPS,year,2026,22,324.3043874199764,1.9536183676719114,0.6363636363636364,0.3176487778262928,0.7438272740507004
TOP20|$20000|30BPS,quarter,2023Q4,8,-95.74528053695042,0.5710099712278252,0.625,0.4080327070387302,0.9585854668108602
TOP20|$20000|30BPS,quarter,2024Q1,14,443.2971167852986,2.303235306022441,0.7142857142857143,0.526449718516396,0.8710729730456107
TOP20|$20000|30BPS,quarter,2024Q2,11,306.29425368409943,2.655111026738532,0.7272727272727273,0.3590429551715753,0.8934259570145413
TOP20|$20000|30BPS,quarter,2024Q3,5,315.87201371376455,inf,1.0,0.4156359861681544,0.9631181330782033
TOP20|$20000|30BPS,quarter,2024Q4,14,-463.05474123670547,0.20156341353285237,0.14285714285714285,0.8896764405142542,0.9642829688844363
TOP20|$20000|30BPS,quarter,2025Q1,7,-108.31664254297198,0.4845498436952142,0.42857142857142855,0.6986859518281935,1.0
TOP20|$20000|30BPS,quarter,2025Q2,17,-174.48211943120816,0.7198128814592695,0.47058823529411764,0.5327255243423503,0.9199531837115418
TOP20|$20000|30BPS,quarter,2025Q3,19,-229.28598228603119,0.6982452315359858,0.42105263157894735,0.42672010740061367,0.7098191560754744
TOP20|$20000|30BPS,quarter,2025Q4,18,-210.91109406148894,0.6489849933374787,0.5,0.4064235054160338,0.8714640492547159
TOP20|$20000|30BPS,quarter,2026Q1,4,-36.209389957022154,0.5664411030082672,0.25,1.0,0.0
TOP20|$20000|30BPS,quarter,2026Q2,15,360.18258104494805,2.536059520688561,0.7333333333333333,0.420618577019548,0.7759704623871472
TOP20|$20000|30BPS,quarter,2026Q3,3,0.33119633205052423,1.015002341458123,0.6666666666666666,0.6221633639945898,0.014780597881745891
TOP30|$5000|5BPS,year,2023,12,-35.42648886587179,0.6397725576822306,0.5833333333333334,0.28575837322168096,0.7543038475254054
TOP30|$5000|5BPS,year,2024,62,217.81868003496754,1.600729540150913,0.532258064516129,0.22171670738295174,0.46598782653202925
TOP30|$5000|5BPS,year,2025,69,-2.614319531160845,0.9950157094896593,0.4927536231884058,0.20178034474063347,0.5720565390675596
TOP30|$5000|5BPS,year,2026,37,141.99245837738192,1.6236057096762981,0.5945945945945946,0.2578330951501462,0.6415317536085525
TOP30|$5000|5BPS,quarter,2023Q4,12,-35.42648886587179,0.6397725576822306,0.5833333333333334,0.28575837322168096,0.7543038475254054
TOP30|$5000|5BPS,quarter,2024Q1,19,83.1387829335994,1.5691154435680503,0.5789473684210527,0.47384295004016475,0.8058074593090456
TOP30|$5000|5BPS,quarter,2024Q2,15,118.43262351218982,3.4873335977784317,0.7333333333333333,0.3251437718676179,0.8108376004535615
TOP30|$5000|5BPS,quarter,2024Q3,9,132.58968176013408,11.26436698781023,0.7777777777777778,0.2618636576284438,0.7306929623991049
TOP30|$5000|5BPS,quarter,2024Q4,19,-116.34240817095574,0.2540923610337317,0.21052631578947367,0.7974871109753136,0.9999860094077849
TOP30|$5000|5BPS,quarter,2025Q1,10,-1.74698927008194,0.9658483868697723,0.5,0.4693858181098023,0.8751456241851154
TOP30|$5000|5BPS,quarter,2025Q2,19,-25.020328626250347,0.8451712379999372,0.47368421052631576,0.4870377799253526,0.880441141471444
TOP30|$5000|5BPS,quarter,2025Q3,21,-12.35613509057876,0.9287573602831533,0.42857142857142855,0.39640200833341527,0.7129748370513936
TOP30|$5000|5BPS,quarter,2025Q4,19,36.5091334557502,1.2639457863405827,0.5789473684210527,0.33066841907150246,0.7186186157432942
TOP30|$5000|5BPS,quarter,2026Q1,6,-41.40905597676027,0.415600923098119,0.16666666666666666,1.0,0.3647434385996138
TOP30|$5000|5BPS,quarter,2026Q2,22,159.13495794489765,2.1407579239776315,0.6363636363636364,0.26418920698121845,0.6430070713152243
TOP30|$5000|5BPS,quarter,2026Q3,9,24.26655640924455,2.3995302875346174,0.7777777777777778,0.3143010792195671,0.7690996213863999
TOP30|$5000|10BPS,year,2023,12,-43.18530738975386,0.575294438746523,0.5833333333333334,0.28994149082390286,0.7595514619914665
TOP30|$5000|10BPS,year,2024,62,177.64440720574737,1.4695533807460797,0.5161290322580645,0.22852142124538435,0.4763002460079715
TOP30|$5000|10BPS,year,2025,68,-43.07757924751837,0.9200686609394714,0.47058823529411764,0.21095326423700694,0.5843166004342943
TOP30|$5000|10BPS,year,2026,37,120.60393264759105,1.5216385599179345,0.5945945945945946,0.2619588475805389,0.6483149396871641
TOP30|$5000|10BPS,quarter,2023Q4,12,-43.18530738975386,0.575294438746523,0.5833333333333334,0.28994149082390286,0.7595514619914665
TOP30|$5000|10BPS,quarter,2024Q1,19,69.9642017133888,1.4618570058926907,0.5789473684210527,0.48253132341811966,0.8166803843482617
TOP30|$5000|10BPS,quarter,2024Q2,15,108.1455526136512,3.1713180004497756,0.7333333333333333,0.3273224470821444,0.8159456611800606
TOP30|$5000|10BPS,quarter,2024Q3,9,125.33993004447862,9.714382635655962,0.7777777777777778,0.2635665788147493,0.7334970128497726
TOP30|$5000|10BPS,quarter,2024Q4,19,-125.80527716577126,0.22653839047127072,0.15789473684210525,0.8219189061699375,1.0
TOP30|$5000|10BPS,quarter,2025Q1,10,-5.893017168032486,0.8886843398993483,0.5,0.46625974686406,0.8789492809069835
TOP30|$5000|10BPS,quarter,2025Q2,19,-35.70230229090538,0.7861381530790266,0.47368421052631576,0.4926760961399579,0.882909499302903
TOP30|$5000|10BPS,quarter,2025Q3,21,-23.97613147175528,0.8651160241805473,0.38095238095238093,0.401215629579896,0.7124834302672742
TOP30|$5000|10BPS,quarter,2025Q4,18,22.493871683174774,1.1591946790622611,0.5555555555555556,0.34217392648050543,0.7394387933320569
TOP30|$5000|10BPS,quarter,2026Q1,6,-44.32835130469613,0.387348493969873,0.16666666666666666,1.0,0.3079228829339058
TOP30|$5000|10BPS,quarter,2026Q2,22,144.8565270657628,2.024503128167672,0.6363636363636364,0.2658551141856731,0.6462969488872607
TOP30|$5000|10BPS,quarter,2026Q3,9,20.075756886524374,2.150130314922443,0.7777777777777778,0.31344513934744384,0.7657566131842313
TOP30|$5000|20BPS,year,2023,12,-58.67247385257477,0.4584851361061168,0.5833333333333334,0.3005407467947353,0.7727509711149498
TOP30|$5000|20BPS,year,2024,62,98.55533733077186,1.2401883924432977,0.4838709677419355,0.24428253805875125,0.5002830933946593
TOP30|$5000|20BPS,year,2025,69,-139.0628664659276,0.7511905818758536,0.463768115942029,0.22563402905559596,0.5608970551294539
TOP30|$5000|20BPS,year,2026,38,79.05240580833896,1.3666648208547825,0.6052631578947368,0.26401118668688606,0.6368399736810698
TOP30|$5000|20BPS,quarter,2023Q4,12,-58.67247385257477,0.4584851361061168,0.5833333333333334,0.3005407467947353,0.7727509711149498
TOP30|$5000|20BPS,quarter,2024Q1,19,43.829153484132064,1.270219639693318,0.5789473684210527,0.5020828686487686,0.8411766062475501
TOP30|$5000|20BPS,quarter,2024Q2,15,87.86756955549615,2.60612357422252,0.6666666666666666,0.33094716185385026,0.8242795081410407
TOP30|$5000|20BPS,quarter,2024Q3,9,111.10469352295524,7.438729226875015,0.7777777777777778,0.2673311823806082,0.739717412520604
TOP30|$5000|20BPS,quarter,2024Q4,19,-144.2460792318116,0.18117999841924473,0.10526315789473684,0.8679899228352495,0.9839241854856232
TOP30|$5000|20BPS,quarter,2025Q1,10,-13.947038483532111,0.7526890280759148,0.5,0.45917905173503737,0.8875511485715745
TOP30|$5000|20BPS,quarter,2025Q2,19,-56.35575196716425,0.6819902492550337,0.47368421052631576,0.5048024274798606,0.8882349884825261
TOP30|$5000|20BPS,quarter,2025Q3,21,-46.29534694880971,0.7517208463831754,0.38095238095238093,0.41253104660542916,0.7113261240215886
TOP30|$5000|20BPS,quarter,2025Q4,19,-22.46472906642154,0.8381965787388084,0.5263157894736842,0.3488174146924427,0.7682369257327686
TOP30|$5000|20BPS,quarter,2026Q1,6,-41.15449958398645,0.2344543249680228,0.16666666666666666,1.0,0.0
TOP30|$5000|20BPS,quarter,2026Q2,23,108.08630473786556,1.749270972909046,0.6521739130434783,0.2629072335946939,0.6405971121863931
TOP30|$5000|20BPS,quarter,2026Q3,9,12.12060065445987,1.689262796110179,0.7777777777777778,0.31123674456712863,0.7569728031497232
TOP30|$5000|30BPS,year,2023,12,-74.11908569739393,0.35939439565035103,0.5,0.3103836228577947,0.7781380148734003
TOP30|$5000|30BPS,year,2024,62,21.120650420668994,1.0476588444590489,0.4838709677419355,0.26378258744927874,0.5301014075974735
TOP30|$5000|30BPS,year,2025,72,-207.1463761724778,0.6411413730488557,0.4861111111111111,0.2610171063286374,0.5333479264075385
TOP30|$5000|30BPS,year,2026,6,-44.514933881074,0.20294140035911876,0.16666666666666666,1.0,0.0
TOP30|$5000|30BPS,quarter,2023Q4,12,-74.11908569739393,0.35939439565035103,0.5,0.3103836228577947,0.7781380148734003
TOP30|$5000|30BPS,quarter,2024Q1,19,17.977678801187807,1.104039451951051,0.5789473684210527,0.5251901853193905,0.8701696017792401
TOP30|$5000|30BPS,quarter,2024Q2,15,67.97981787385831,2.1343245250216425,0.6666666666666666,0.3341979642316176,0.8315935595254483
TOP30|$5000|30BPS,quarter,2024Q3,9,97.21644146205298,5.848403478467269,0.7777777777777778,0.2716702750866755,0.7469182957378965
TOP30|$5000|30BPS,quarter,2024Q4,19,-162.0532877164301,0.14881514576147112,0.10526315789473684,0.8894790026283507,0.9642190487648628
TOP30|$5000|30BPS,quarter,2025Q1,10,-21.691072887983466,0.6366547103578669,0.5,0.4507300084499865,0.8977955353370134
TOP30|$5000|30BPS,quarter,2025Q2,19,-76.08741684019682,0.593021580089567,0.47368421052631576,0.5182158654120764,0.8941493814478706
TOP30|$5000|30BPS,quarter,2025Q3,23,-67.57784913554555,0.6382808891485315,0.43478260869565216,0.3456887159437143,0.7141475282348162
TOP30|$5000|30BPS,quarter,2025Q4,20,-41.79003730875198,0.7093018522386905,0.55,0.3700771527110028,0.801983623090917
TOP30|$5000|30BPS,quarter,2026Q1,6,-44.514933881074,0.20294140035911876,0.16666666666666666,1.0,0.0
TOP30|$20000|5BPS,year,2023,12,-141.70595546348716,0.6397725576822306,0.5833333333333334,0.28575837322168096,0.7543038475254054
TOP30|$20000|5BPS,year,2024,62,871.2747201398702,1.600729540150913,0.532258064516129,0.22171670738295174,0.46598782653202925
TOP30|$20000|5BPS,year,2025,69,-10.45727812464338,0.9950157094896593,0.4927536231884058,0.20178034474063347,0.5720565390675596
TOP30|$20000|5BPS,year,2026,37,567.9698335095277,1.6236057096762981,0.5945945945945946,0.2578330951501462,0.6415317536085525
TOP30|$20000|5BPS,quarter,2023Q4,12,-141.70595546348716,0.6397725576822306,0.5833333333333334,0.28575837322168096,0.7543038475254054
TOP30|$20000|5BPS,quarter,2024Q1,19,332.5551317343976,1.5691154435680503,0.5789473684210527,0.47384295004016475,0.8058074593090456
TOP30|$20000|5BPS,quarter,2024Q2,15,473.7304940487593,3.4873335977784317,0.7333333333333333,0.3251437718676179,0.8108376004535615
TOP30|$20000|5BPS,quarter,2024Q3,9,530.3587270405363,11.26436698781023,0.7777777777777778,0.2618636576284438,0.7306929623991049
TOP30|$20000|5BPS,quarter,2024Q4,19,-465.36963268382294,0.2540923610337317,0.21052631578947367,0.7974871109753136,0.9999860094077849
TOP30|$20000|5BPS,quarter,2025Q1,10,-6.98795708032776,0.9658483868697723,0.5,0.4693858181098023,0.8751456241851154
TOP30|$20000|5BPS,quarter,2025Q2,19,-100.08131450500139,0.8451712379999372,0.47368421052631576,0.4870377799253526,0.880441141471444
TOP30|$20000|5BPS,quarter,2025Q3,21,-49.42454036231504,0.9287573602831533,0.42857142857142855,0.39640200833341527,0.7129748370513936
TOP30|$20000|5BPS,quarter,2025Q4,19,146.0365338230008,1.2639457863405827,0.5789473684210527,0.33066841907150246,0.7186186157432942
TOP30|$20000|5BPS,quarter,2026Q1,6,-165.63622390704109,0.415600923098119,0.16666666666666666,1.0,0.3647434385996138
TOP30|$20000|5BPS,quarter,2026Q2,22,636.5398317795906,2.1407579239776315,0.6363636363636364,0.26418920698121845,0.6430070713152243
TOP30|$20000|5BPS,quarter,2026Q3,9,97.0662256369782,2.3995302875346174,0.7777777777777778,0.3143010792195671,0.7690996213863999
TOP30|$20000|10BPS,year,2023,12,-172.74122955901544,0.575294438746523,0.5833333333333334,0.28994149082390286,0.7595514619914665
TOP30|$20000|10BPS,year,2024,62,710.5776288229895,1.4695533807460797,0.5161290322580645,0.22852142124538435,0.4763002460079715
TOP30|$20000|10BPS,year,2025,68,-172.3103169900735,0.9200686609394714,0.47058823529411764,0.21095326423700694,0.5843166004342943
TOP30|$20000|10BPS,year,2026,37,482.4157305903642,1.5216385599179345,0.5945945945945946,0.2619588475805389,0.6483149396871641
TOP30|$20000|10BPS,quarter,2023Q4,12,-172.74122955901544,0.575294438746523,0.5833333333333334,0.28994149082390286,0.7595514619914665
TOP30|$20000|10BPS,quarter,2024Q1,19,279.8568068535552,1.4618570058926907,0.5789473684210527,0.48253132341811966,0.8166803843482617
TOP30|$20000|10BPS,quarter,2024Q2,15,432.5822104546048,3.1713180004497756,0.7333333333333333,0.3273224470821444,0.8159456611800606
TOP30|$20000|10BPS,quarter,2024Q3,9,501.3597201779145,9.714382635655962,0.7777777777777778,0.2635665788147493,0.7334970128497726
TOP30|$20000|10BPS,quarter,2024Q4,19,-503.22110866308503,0.22653839047127072,0.15789473684210525,0.8219189061699375,1.0
TOP30|$20000|10BPS,quarter,2025Q1,10,-23.572068672129944,0.8886843398993483,0.5,0.46625974686406,0.8789492809069835
TOP30|$20000|10BPS,quarter,2025Q2,19,-142.80920916362152,0.7861381530790266,0.47368421052631576,0.4926760961399579,0.882909499302903
TOP30|$20000|10BPS,quarter,2025Q3,21,-95.90452588702112,0.8651160241805473,0.38095238095238093,0.401215629579896,0.7124834302672742
TOP30|$20000|10BPS,quarter,2025Q4,18,89.9754867326991,1.1591946790622611,0.5555555555555556,0.34217392648050543,0.7394387933320569
TOP30|$20000|10BPS,quarter,2026Q1,6,-177.3134052187845,0.387348493969873,0.16666666666666666,1.0,0.3079228829339058
TOP30|$20000|10BPS,quarter,2026Q2,22,579.4261082630512,2.024503128167672,0.6363636363636364,0.2658551141856731,0.6462969488872607
TOP30|$20000|10BPS,quarter,2026Q3,9,80.3030275460975,2.150130314922443,0.7777777777777778,0.31344513934744384,0.7657566131842313
TOP30|$20000|20BPS,year,2023,12,-234.68989541029907,0.4584851361061168,0.5833333333333334,0.3005407467947353,0.7727509711149498
TOP30|$20000|20BPS,year,2024,62,394.22134932308745,1.2401883924432977,0.4838709677419355,0.24428253805875125,0.5002830933946593
TOP30|$20000|20BPS,year,2025,69,-556.2514658637105,0.7511905818758536,0.463768115942029,0.22563402905559596,0.5608970551294539
TOP30|$20000|20BPS,year,2026,38,316.20962323335584,1.3666648208547825,0.6052631578947368,0.26401118668688606,0.6368399736810698
TOP30|$20000|20BPS,quarter,2023Q4,12,-234.68989541029907,0.4584851361061168,0.5833333333333334,0.3005407467947353,0.7727509711149498
TOP30|$20000|20BPS,quarter,2024Q1,19,175.31661393652826,1.270219639693318,0.5789473684210527,0.5020828686487686,0.8411766062475501
TOP30|$20000|20BPS,quarter,2024Q2,15,351.4702782219846,2.60612357422252,0.6666666666666666,0.33094716185385026,0.8242795081410407
TOP30|$20000|20BPS,quarter,2024Q3,9,444.418774091821,7.438729226875015,0.7777777777777778,0.2673311823806082,0.739717412520604
TOP30|$20000|20BPS,quarter,2024Q4,19,-576.9843169272464,0.18117999841924473,0.10526315789473684,0.8679899228352495,0.9839241854856232
TOP30|$20000|20BPS,quarter,2025Q1,10,-55.788153934128445,0.7526890280759148,0.5,0.45917905173503737,0.8875511485715745
TOP30|$20000|20BPS,quarter,2025Q2,19,-225.423007868657,0.6819902492550337,0.47368421052631576,0.5048024274798606,0.8882349884825261
TOP30|$20000|20BPS,quarter,2025Q3,21,-185.18138779523883,0.7517208463831754,0.38095238095238093,0.41253104660542916,0.7113261240215886
TOP30|$20000|20BPS,quarter,2025Q4,19,-89.85891626568616,0.8381965787388084,0.5263157894736842,0.3488174146924427,0.7682369257327686
TOP30|$20000|20BPS,quarter,2026Q1,6,-164.6179983359458,0.2344543249680228,0.16666666666666666,1.0,0.0
TOP30|$20000|20BPS,quarter,2026Q2,23,432.34521895146224,1.749270972909046,0.6521739130434783,0.2629072335946939,0.6405971121863931
TOP30|$20000|20BPS,quarter,2026Q3,9,48.48240261783948,1.689262796110179,0.7777777777777778,0.31123674456712863,0.7569728031497232
TOP30|$20000|30BPS,year,2023,12,-296.4763427895757,0.35939439565035103,0.5,0.3103836228577947,0.7781380148734003
TOP30|$20000|30BPS,year,2024,62,84.48260168267598,1.0476588444590489,0.4838709677419355,0.26378258744927874,0.5301014075974735
TOP30|$20000|30BPS,year,2025,72,-828.5855046899112,0.6411413730488557,0.4861111111111111,0.2610171063286374,0.5333479264075385
TOP30|$20000|30BPS,year,2026,6,-178.059735524296,0.20294140035911876,0.16666666666666666,1.0,0.0
TOP30|$20000|30BPS,quarter,2023Q4,12,-296.4763427895757,0.35939439565035103,0.5,0.3103836228577947,0.7781380148734003
TOP30|$20000|30BPS,quarter,2024Q1,19,71.91071520475123,1.104039451951051,0.5789473684210527,0.5251901853193905,0.8701696017792401
TOP30|$20000|30BPS,quarter,2024Q2,15,271.91927149543324,2.1343245250216425,0.6666666666666666,0.3341979642316176,0.8315935595254483
TOP30|$20000|30BPS,quarter,2024Q3,9,388.86576584821194,5.848403478467269,0.7777777777777778,0.2716702750866755,0.7469182957378965
TOP30|$20000|30BPS,quarter,2024Q4,19,-648.2131508657204,0.14881514576147112,0.10526315789473684,0.8894790026283507,0.9642190487648628
TOP30|$20000|30BPS,quarter,2025Q1,10,-86.76429155193387,0.6366547103578669,0.5,0.4507300084499865,0.8977955353370134
TOP30|$20000|30BPS,quarter,2025Q2,19,-304.3496673607873,0.593021580089567,0.47368421052631576,0.5182158654120764,0.8941493814478706
TOP30|$20000|30BPS,quarter,2025Q3,23,-270.3113965421822,0.6382808891485315,0.43478260869565216,0.3456887159437143,0.7141475282348162
TOP30|$20000|30BPS,quarter,2025Q4,20,-167.1601492350079,0.7093018522386905,0.55,0.3700771527110028,0.801983623090917
TOP30|$20000|30BPS,quarter,2026Q1,6,-178.059735524296,0.20294140035911876,0.16666666666666666,1.0,0.0
TOP40|$5000|5BPS,year,2023,12,-35.42648886587179,0.6397725576822306,0.5833333333333334,0.28575837322168096,0.7543038475254054
TOP40|$5000|5BPS,year,2024,62,217.81868003496754,1.600729540150913,0.532258064516129,0.22171670738295174,0.46598782653202925
TOP40|$5000|5BPS,year,2025,69,-2.614319531160845,0.9950157094896593,0.4927536231884058,0.20178034474063347,0.5720565390675596
TOP40|$5000|5BPS,year,2026,37,141.99245837738192,1.6236057096762981,0.5945945945945946,0.2578330951501462,0.6415317536085525
TOP40|$5000|5BPS,quarter,2023Q4,12,-35.42648886587179,0.6397725576822306,0.5833333333333334,0.28575837322168096,0.7543038475254054
TOP40|$5000|5BPS,quarter,2024Q1,19,83.1387829335994,1.5691154435680503,0.5789473684210527,0.47384295004016475,0.8058074593090456
TOP40|$5000|5BPS,quarter,2024Q2,15,118.43262351218982,3.4873335977784317,0.7333333333333333,0.3251437718676179,0.8108376004535615
TOP40|$5000|5BPS,quarter,2024Q3,9,132.58968176013408,11.26436698781023,0.7777777777777778,0.2618636576284438,0.7306929623991049
TOP40|$5000|5BPS,quarter,2024Q4,19,-116.34240817095574,0.2540923610337317,0.21052631578947367,0.7974871109753136,0.9999860094077849
TOP40|$5000|5BPS,quarter,2025Q1,10,-1.74698927008194,0.9658483868697723,0.5,0.4693858181098023,0.8751456241851154
TOP40|$5000|5BPS,quarter,2025Q2,19,-25.020328626250347,0.8451712379999372,0.47368421052631576,0.4870377799253526,0.880441141471444
TOP40|$5000|5BPS,quarter,2025Q3,21,-12.35613509057876,0.9287573602831533,0.42857142857142855,0.39640200833341527,0.7129748370513936
TOP40|$5000|5BPS,quarter,2025Q4,19,36.5091334557502,1.2639457863405827,0.5789473684210527,0.33066841907150246,0.7186186157432942
TOP40|$5000|5BPS,quarter,2026Q1,6,-41.40905597676027,0.415600923098119,0.16666666666666666,1.0,0.3647434385996138
TOP40|$5000|5BPS,quarter,2026Q2,22,159.13495794489765,2.1407579239776315,0.6363636363636364,0.26418920698121845,0.6430070713152243
TOP40|$5000|5BPS,quarter,2026Q3,9,24.26655640924455,2.3995302875346174,0.7777777777777778,0.3143010792195671,0.7690996213863999
TOP40|$5000|10BPS,year,2023,12,-43.18530738975386,0.575294438746523,0.5833333333333334,0.28994149082390286,0.7595514619914665
TOP40|$5000|10BPS,year,2024,62,177.64440720574737,1.4695533807460797,0.5161290322580645,0.22852142124538435,0.4763002460079715
TOP40|$5000|10BPS,year,2025,68,-43.07757924751837,0.9200686609394714,0.47058823529411764,0.21095326423700694,0.5843166004342943
TOP40|$5000|10BPS,year,2026,37,120.60393264759105,1.5216385599179345,0.5945945945945946,0.2619588475805389,0.6483149396871641
TOP40|$5000|10BPS,quarter,2023Q4,12,-43.18530738975386,0.575294438746523,0.5833333333333334,0.28994149082390286,0.7595514619914665
TOP40|$5000|10BPS,quarter,2024Q1,19,69.9642017133888,1.4618570058926907,0.5789473684210527,0.48253132341811966,0.8166803843482617
TOP40|$5000|10BPS,quarter,2024Q2,15,108.1455526136512,3.1713180004497756,0.7333333333333333,0.3273224470821444,0.8159456611800606
TOP40|$5000|10BPS,quarter,2024Q3,9,125.33993004447862,9.714382635655962,0.7777777777777778,0.2635665788147493,0.7334970128497726
TOP40|$5000|10BPS,quarter,2024Q4,19,-125.80527716577126,0.22653839047127072,0.15789473684210525,0.8219189061699375,1.0
TOP40|$5000|10BPS,quarter,2025Q1,10,-5.893017168032486,0.8886843398993483,0.5,0.46625974686406,0.8789492809069835
TOP40|$5000|10BPS,quarter,2025Q2,19,-35.70230229090538,0.7861381530790266,0.47368421052631576,0.4926760961399579,0.882909499302903
TOP40|$5000|10BPS,quarter,2025Q3,21,-23.97613147175528,0.8651160241805473,0.38095238095238093,0.401215629579896,0.7124834302672742
TOP40|$5000|10BPS,quarter,2025Q4,18,22.493871683174774,1.1591946790622611,0.5555555555555556,0.34217392648050543,0.7394387933320569
TOP40|$5000|10BPS,quarter,2026Q1,6,-44.32835130469613,0.387348493969873,0.16666666666666666,1.0,0.3079228829339058
TOP40|$5000|10BPS,quarter,2026Q2,22,144.8565270657628,2.024503128167672,0.6363636363636364,0.2658551141856731,0.6462969488872607
TOP40|$5000|10BPS,quarter,2026Q3,9,20.075756886524374,2.150130314922443,0.7777777777777778,0.31344513934744384,0.7657566131842313
TOP40|$5000|20BPS,year,2023,12,-58.67247385257477,0.4584851361061168,0.5833333333333334,0.3005407467947353,0.7727509711149498
TOP40|$5000|20BPS,year,2024,62,98.55533733077186,1.2401883924432977,0.4838709677419355,0.24428253805875125,0.5002830933946593
TOP40|$5000|20BPS,year,2025,69,-139.0628664659276,0.7511905818758536,0.463768115942029,0.22563402905559596,0.5608970551294539
TOP40|$5000|20BPS,year,2026,38,79.05240580833896,1.3666648208547825,0.6052631578947368,0.26401118668688606,0.6368399736810698
TOP40|$5000|20BPS,quarter,2023Q4,12,-58.67247385257477,0.4584851361061168,0.5833333333333334,0.3005407467947353,0.7727509711149498
TOP40|$5000|20BPS,quarter,2024Q1,19,43.829153484132064,1.270219639693318,0.5789473684210527,0.5020828686487686,0.8411766062475501
TOP40|$5000|20BPS,quarter,2024Q2,15,87.86756955549615,2.60612357422252,0.6666666666666666,0.33094716185385026,0.8242795081410407
TOP40|$5000|20BPS,quarter,2024Q3,9,111.10469352295524,7.438729226875015,0.7777777777777778,0.2673311823806082,0.739717412520604
TOP40|$5000|20BPS,quarter,2024Q4,19,-144.2460792318116,0.18117999841924473,0.10526315789473684,0.8679899228352495,0.9839241854856232
TOP40|$5000|20BPS,quarter,2025Q1,10,-13.947038483532111,0.7526890280759148,0.5,0.45917905173503737,0.8875511485715745
TOP40|$5000|20BPS,quarter,2025Q2,19,-56.35575196716425,0.6819902492550337,0.47368421052631576,0.5048024274798606,0.8882349884825261
TOP40|$5000|20BPS,quarter,2025Q3,21,-46.29534694880971,0.7517208463831754,0.38095238095238093,0.41253104660542916,0.7113261240215886
TOP40|$5000|20BPS,quarter,2025Q4,19,-22.46472906642154,0.8381965787388084,0.5263157894736842,0.3488174146924427,0.7682369257327686
TOP40|$5000|20BPS,quarter,2026Q1,6,-41.15449958398645,0.2344543249680228,0.16666666666666666,1.0,0.0
TOP40|$5000|20BPS,quarter,2026Q2,23,108.08630473786556,1.749270972909046,0.6521739130434783,0.2629072335946939,0.6405971121863931
TOP40|$5000|20BPS,quarter,2026Q3,9,12.12060065445987,1.689262796110179,0.7777777777777778,0.31123674456712863,0.7569728031497232
TOP40|$5000|30BPS,year,2023,12,-74.11908569739393,0.35939439565035103,0.5,0.3103836228577947,0.7781380148734003
TOP40|$5000|30BPS,year,2024,62,21.120650420668994,1.0476588444590489,0.4838709677419355,0.26378258744927874,0.5301014075974735
TOP40|$5000|30BPS,year,2025,72,-207.1463761724778,0.6411413730488557,0.4861111111111111,0.2610171063286374,0.5333479264075385
TOP40|$5000|30BPS,year,2026,6,-44.514933881074,0.20294140035911876,0.16666666666666666,1.0,0.0
TOP40|$5000|30BPS,quarter,2023Q4,12,-74.11908569739393,0.35939439565035103,0.5,0.3103836228577947,0.7781380148734003
TOP40|$5000|30BPS,quarter,2024Q1,19,17.977678801187807,1.104039451951051,0.5789473684210527,0.5251901853193905,0.8701696017792401
TOP40|$5000|30BPS,quarter,2024Q2,15,67.97981787385831,2.1343245250216425,0.6666666666666666,0.3341979642316176,0.8315935595254483
TOP40|$5000|30BPS,quarter,2024Q3,9,97.21644146205298,5.848403478467269,0.7777777777777778,0.2716702750866755,0.7469182957378965
TOP40|$5000|30BPS,quarter,2024Q4,19,-162.0532877164301,0.14881514576147112,0.10526315789473684,0.8894790026283507,0.9642190487648628
TOP40|$5000|30BPS,quarter,2025Q1,10,-21.691072887983466,0.6366547103578669,0.5,0.4507300084499865,0.8977955353370134
TOP40|$5000|30BPS,quarter,2025Q2,19,-76.08741684019682,0.593021580089567,0.47368421052631576,0.5182158654120764,0.8941493814478706
TOP40|$5000|30BPS,quarter,2025Q3,23,-67.57784913554555,0.6382808891485315,0.43478260869565216,0.3456887159437143,0.7141475282348162
TOP40|$5000|30BPS,quarter,2025Q4,20,-41.79003730875198,0.7093018522386905,0.55,0.3700771527110028,0.801983623090917
TOP40|$5000|30BPS,quarter,2026Q1,6,-44.514933881074,0.20294140035911876,0.16666666666666666,1.0,0.0
TOP40|$20000|5BPS,year,2023,12,-141.70595546348716,0.6397725576822306,0.5833333333333334,0.28575837322168096,0.7543038475254054
TOP40|$20000|5BPS,year,2024,62,871.2747201398702,1.600729540150913,0.532258064516129,0.22171670738295174,0.46598782653202925
TOP40|$20000|5BPS,year,2025,69,-10.45727812464338,0.9950157094896593,0.4927536231884058,0.20178034474063347,0.5720565390675596
TOP40|$20000|5BPS,year,2026,37,567.9698335095277,1.6236057096762981,0.5945945945945946,0.2578330951501462,0.6415317536085525
TOP40|$20000|5BPS,quarter,2023Q4,12,-141.70595546348716,0.6397725576822306,0.5833333333333334,0.28575837322168096,0.7543038475254054
TOP40|$20000|5BPS,quarter,2024Q1,19,332.5551317343976,1.5691154435680503,0.5789473684210527,0.47384295004016475,0.8058074593090456
TOP40|$20000|5BPS,quarter,2024Q2,15,473.7304940487593,3.4873335977784317,0.7333333333333333,0.3251437718676179,0.8108376004535615
TOP40|$20000|5BPS,quarter,2024Q3,9,530.3587270405363,11.26436698781023,0.7777777777777778,0.2618636576284438,0.7306929623991049
TOP40|$20000|5BPS,quarter,2024Q4,19,-465.36963268382294,0.2540923610337317,0.21052631578947367,0.7974871109753136,0.9999860094077849
TOP40|$20000|5BPS,quarter,2025Q1,10,-6.98795708032776,0.9658483868697723,0.5,0.4693858181098023,0.8751456241851154
TOP40|$20000|5BPS,quarter,2025Q2,19,-100.08131450500139,0.8451712379999372,0.47368421052631576,0.4870377799253526,0.880441141471444
TOP40|$20000|5BPS,quarter,2025Q3,21,-49.42454036231504,0.9287573602831533,0.42857142857142855,0.39640200833341527,0.7129748370513936
TOP40|$20000|5BPS,quarter,2025Q4,19,146.0365338230008,1.2639457863405827,0.5789473684210527,0.33066841907150246,0.7186186157432942
TOP40|$20000|5BPS,quarter,2026Q1,6,-165.63622390704109,0.415600923098119,0.16666666666666666,1.0,0.3647434385996138
TOP40|$20000|5BPS,quarter,2026Q2,22,636.5398317795906,2.1407579239776315,0.6363636363636364,0.26418920698121845,0.6430070713152243
TOP40|$20000|5BPS,quarter,2026Q3,9,97.0662256369782,2.3995302875346174,0.7777777777777778,0.3143010792195671,0.7690996213863999
TOP40|$20000|10BPS,year,2023,12,-172.74122955901544,0.575294438746523,0.5833333333333334,0.28994149082390286,0.7595514619914665
TOP40|$20000|10BPS,year,2024,62,710.5776288229895,1.4695533807460797,0.5161290322580645,0.22852142124538435,0.4763002460079715
TOP40|$20000|10BPS,year,2025,68,-172.3103169900735,0.9200686609394714,0.47058823529411764,0.21095326423700694,0.5843166004342943
TOP40|$20000|10BPS,year,2026,37,482.4157305903642,1.5216385599179345,0.5945945945945946,0.2619588475805389,0.6483149396871641
TOP40|$20000|10BPS,quarter,2023Q4,12,-172.74122955901544,0.575294438746523,0.5833333333333334,0.28994149082390286,0.7595514619914665
TOP40|$20000|10BPS,quarter,2024Q1,19,279.8568068535552,1.4618570058926907,0.5789473684210527,0.48253132341811966,0.8166803843482617
TOP40|$20000|10BPS,quarter,2024Q2,15,432.5822104546048,3.1713180004497756,0.7333333333333333,0.3273224470821444,0.8159456611800606
TOP40|$20000|10BPS,quarter,2024Q3,9,501.3597201779145,9.714382635655962,0.7777777777777778,0.2635665788147493,0.7334970128497726
TOP40|$20000|10BPS,quarter,2024Q4,19,-503.22110866308503,0.22653839047127072,0.15789473684210525,0.8219189061699375,1.0
TOP40|$20000|10BPS,quarter,2025Q1,10,-23.572068672129944,0.8886843398993483,0.5,0.46625974686406,0.8789492809069835
TOP40|$20000|10BPS,quarter,2025Q2,19,-142.80920916362152,0.7861381530790266,0.47368421052631576,0.4926760961399579,0.882909499302903
TOP40|$20000|10BPS,quarter,2025Q3,21,-95.90452588702112,0.8651160241805473,0.38095238095238093,0.401215629579896,0.7124834302672742
TOP40|$20000|10BPS,quarter,2025Q4,18,89.9754867326991,1.1591946790622611,0.5555555555555556,0.34217392648050543,0.7394387933320569
TOP40|$20000|10BPS,quarter,2026Q1,6,-177.3134052187845,0.387348493969873,0.16666666666666666,1.0,0.3079228829339058
TOP40|$20000|10BPS,quarter,2026Q2,22,579.4261082630512,2.024503128167672,0.6363636363636364,0.2658551141856731,0.6462969488872607
TOP40|$20000|10BPS,quarter,2026Q3,9,80.3030275460975,2.150130314922443,0.7777777777777778,0.31344513934744384,0.7657566131842313
TOP40|$20000|20BPS,year,2023,12,-234.68989541029907,0.4584851361061168,0.5833333333333334,0.3005407467947353,0.7727509711149498
TOP40|$20000|20BPS,year,2024,62,394.22134932308745,1.2401883924432977,0.4838709677419355,0.24428253805875125,0.5002830933946593
TOP40|$20000|20BPS,year,2025,69,-556.2514658637105,0.7511905818758536,0.463768115942029,0.22563402905559596,0.5608970551294539
TOP40|$20000|20BPS,year,2026,38,316.20962323335584,1.3666648208547825,0.6052631578947368,0.26401118668688606,0.6368399736810698
TOP40|$20000|20BPS,quarter,2023Q4,12,-234.68989541029907,0.4584851361061168,0.5833333333333334,0.3005407467947353,0.7727509711149498
TOP40|$20000|20BPS,quarter,2024Q1,19,175.31661393652826,1.270219639693318,0.5789473684210527,0.5020828686487686,0.8411766062475501
TOP40|$20000|20BPS,quarter,2024Q2,15,351.4702782219846,2.60612357422252,0.6666666666666666,0.33094716185385026,0.8242795081410407
TOP40|$20000|20BPS,quarter,2024Q3,9,444.418774091821,7.438729226875015,0.7777777777777778,0.2673311823806082,0.739717412520604
TOP40|$20000|20BPS,quarter,2024Q4,19,-576.9843169272464,0.18117999841924473,0.10526315789473684,0.8679899228352495,0.9839241854856232
TOP40|$20000|20BPS,quarter,2025Q1,10,-55.788153934128445,0.7526890280759148,0.5,0.45917905173503737,0.8875511485715745
TOP40|$20000|20BPS,quarter,2025Q2,19,-225.423007868657,0.6819902492550337,0.47368421052631576,0.5048024274798606,0.8882349884825261
TOP40|$20000|20BPS,quarter,2025Q3,21,-185.18138779523883,0.7517208463831754,0.38095238095238093,0.41253104660542916,0.7113261240215886
TOP40|$20000|20BPS,quarter,2025Q4,19,-89.85891626568616,0.8381965787388084,0.5263157894736842,0.3488174146924427,0.7682369257327686
TOP40|$20000|20BPS,quarter,2026Q1,6,-164.6179983359458,0.2344543249680228,0.16666666666666666,1.0,0.0
TOP40|$20000|20BPS,quarter,2026Q2,23,432.34521895146224,1.749270972909046,0.6521739130434783,0.2629072335946939,0.6405971121863931
TOP40|$20000|20BPS,quarter,2026Q3,9,48.48240261783948,1.689262796110179,0.7777777777777778,0.31123674456712863,0.7569728031497232
TOP40|$20000|30BPS,year,2023,12,-296.4763427895757,0.35939439565035103,0.5,0.3103836228577947,0.7781380148734003
TOP40|$20000|30BPS,year,2024,62,84.48260168267598,1.0476588444590489,0.4838709677419355,0.26378258744927874,0.5301014075974735
TOP40|$20000|30BPS,year,2025,72,-828.5855046899112,0.6411413730488557,0.4861111111111111,0.2610171063286374,0.5333479264075385
TOP40|$20000|30BPS,year,2026,6,-178.059735524296,0.20294140035911876,0.16666666666666666,1.0,0.0
TOP40|$20000|30BPS,quarter,2023Q4,12,-296.4763427895757,0.35939439565035103,0.5,0.3103836228577947,0.7781380148734003
TOP40|$20000|30BPS,quarter,2024Q1,19,71.91071520475123,1.104039451951051,0.5789473684210527,0.5251901853193905,0.8701696017792401
TOP40|$20000|30BPS,quarter,2024Q2,15,271.91927149543324,2.1343245250216425,0.6666666666666666,0.3341979642316176,0.8315935595254483
TOP40|$20000|30BPS,quarter,2024Q3,9,388.86576584821194,5.848403478467269,0.7777777777777778,0.2716702750866755,0.7469182957378965
TOP40|$20000|30BPS,quarter,2024Q4,19,-648.2131508657204,0.14881514576147112,0.10526315789473684,0.8894790026283507,0.9642190487648628
TOP40|$20000|30BPS,quarter,2025Q1,10,-86.76429155193387,0.6366547103578669,0.5,0.4507300084499865,0.8977955353370134
TOP40|$20000|30BPS,quarter,2025Q2,19,-304.3496673607873,0.593021580089567,0.47368421052631576,0.5182158654120764,0.8941493814478706
TOP40|$20000|30BPS,quarter,2025Q3,23,-270.3113965421822,0.6382808891485315,0.43478260869565216,0.3456887159437143,0.7141475282348162
TOP40|$20000|30BPS,quarter,2025Q4,20,-167.1601492350079,0.7093018522386905,0.55,0.3700771527110028,0.801983623090917
TOP40|$20000|30BPS,quarter,2026Q1,6,-178.059735524296,0.20294140035911876,0.16666666666666666,1.0,0.0
